[segcap      0.000 info ] segcap attached to pid 7528
[segcap      0.000 info ] host: C:\Program Files (x86)\Steam\steamapps\common\Stray\Hk_project\Binaries\Win64\Stray-Win64-Shipping.exe
[segcap      0.000 info ] census marker C:\Users\djmax\Desktop\lab\tasks\build\bin\segcap.census: absent
[segcap      0.000 info ] mark marker C:\Users\djmax\Desktop\lab\tasks\build\bin\segcap.mark: PRESENT -- WILL MUTATE GAME STATE
[segcap      0.000 info ] mode: capture (readback enabled)
[segcap      0.453 info ] device/queue/commandlist vtables hooked
[segcap      0.797 info ] swapchain vtable hooked (Present)
[segcap      0.844 info ] hooks installed
[segcap      0.844 info ] hook installation succeeded on attempt 1
[segcap      1.594 info ] captured DIRECT command queue 00000265EE4181F0
[segcap      1.594 info ] resolved device 000002658CBD9490 from queue
[segcap      1.625 info ] backbuffer 2560x1600 format=R10G10B10A2_UNORM
[segcap      1.625 info ] --- frame 1: 1 distinct targets observed, 0 descriptor misses ---
[segcap      1.625 info ]     readback submitted=0 delivered=0 dropped=0
[segcap      1.625 info ]   DS 00000265AFCDC600 R32G8X24_TYPELESS      1x1 samples=1 binds=0 clears=1 depth=NO state=0x10
[segcap      1.625 info ]   election:
[segcap      1.625 info ]        +0 00000265AFCDC600  rejected: 1x1 != backbuffer 2560x1600
[segcap      1.625 warn ]   no viable CustomDepth candidate this frame
[segcap      2.015 info ] ue4: discovery attempt 1
[segcap      2.015 info ] ue4: 1541 readable regions mapped
[segcap      2.015 info ] ue4: module 00007FF6CBF80000 size 84.3 MB, code 00007FF6CBF81000..00007FF6CF8F8D2C
[segcap      2.015 info ] ue4: scanning section .data    00007FF6D0789000 (7.65 MB)
[segcap      2.031 info ] ue4: FOUND object array at 00007FF6D0D84FD0 (GUObjectArray ~00007FF6D0D84FC0) after 16ms
[segcap      2.031 info ] ue4:   NumElements=173598 MaxElements=2162688 NumChunks=3 MaxChunks=33
[segcap      2.062 info ] ue4: FOUND FName blocks at 00007FF6D0D48C90 (FNamePool ~00007FF6D0D48C80) after 31ms
[segcap      2.062 info ] ue4:   block0[0]="None", 5 further blocks corroborated
[segcap      2.062 info ] ue4: discovery complete, 173598 slots in the array
[segcap      2.062 info ] ue4: discovery succeeded on attempt 1
[segcap      2.062 info ] ue4: UPrimitiveComponent UClass = 000002658FFD6280
[segcap      2.062 info ] ue4: --- layout probe: UPrimitiveComponent (via FindClass) @ 000002658FFD6280 ---
[segcap      2.062 info ] ue4:   +0x000 = 00007FF6CFBC22B0 ptr U:"-" F:"-"
[segcap      2.062 info ] ue4:   +0x008 = 0000000800000043     U:"-" F:"-"
[segcap      2.062 info ] ue4:   +0x010 = 00000265E9CE4780 ptr U:"Class" F:"None"
[segcap      2.062 info ] ue4:   +0x018 = 0000000000004AA1     U:"-" F:"-"
[segcap      2.062 info ] ue4:   +0x020 = 00000265EF9A00A0 ptr U:"/Script/Engine" F:"None"
[segcap      2.062 info ] ue4:   +0x030 = 00000265901E77C0 ptr U:"-" F:"-"
[segcap      2.062 info ] ue4:   +0x038 = 0065007500000003     U:"-" F:"-"
[segcap      2.062 info ] ue4:   +0x040 = 000002658FFD5740 ptr U:"SceneComponent" F:"None"
[segcap      2.062 info ] ue4:   +0x048 = 00000265EF9E5530 ptr U:"WasRecentlyRendered" F:"-"
[segcap      2.062 info ] ue4:   +0x050 = 00000265CB74AE80 ptr U:"-" F:"MinDrawDistance"
[segcap      2.062 info ] ue4:   +0x058 = 0000001000000450     U:"-" F:"-"
[segcap      2.062 info ] ue4:   +0x070 = 00000265CB74AE80 ptr U:"-" F:"MinDrawDistance"
[segcap      2.062 info ] ue4:   +0x078 = 00000265CA5DE200 ptr U:"-" F:"RuntimeVirtualTextures"
[segcap      2.062 info ] ue4:   +0x088 = 00000265CAE3C880 ptr U:"-" F:"bCanEverAffectNavigation"
[segcap      2.062 info ] ue4:   +0x0B0 = 00007FF6CF066E60 ptr U:"-" F:"-"
[segcap      2.062 info ] ue4:   +0x0B8 = 00007FF6CC7B0E80 ptr U:"-" F:"-"
[segcap      2.062 info ] ue4:   +0x0C0 = 00007FF6CC7B0DE0 ptr U:"-" F:"-"
[segcap      2.062 info ] ue4:   +0x0C8 = 30B000A500000000     U:"-" F:"-"
[segcap      2.062 info ] ue4:   +0x0D0 = 0000018000000000     U:"-" F:"-"
[segcap      2.062 info ] ue4:   +0x0D8 = 000002658EF32140 ptr U:"Object" F:"None"
[segcap      2.062 info ] ue4:   +0x0E8 = 00000000000000E3     U:"-" F:"-"
[segcap      2.062 info ] ue4:   +0x110 = 0043002800000000     U:"-" F:"-"
[segcap      2.062 info ] ue4:   +0x118 = 00000265EFBF73B0 ptr U:"Default__PrimitiveComponent" F:"-"
[segcap      2.062 info ] ue4: --- end probe ---
[segcap      2.062 info ] ue4: sample StaticMeshComponent instance=00000265EFC129B0 class=00000265D9C78D40
[segcap      2.062 info ] ue4: --- layout probe: UStaticMeshComponent (via instance) @ 00000265D9C78D40 ---
[segcap      2.062 info ] ue4:   +0x000 = 00007FF6CFBC22B0 ptr U:"-" F:"-"
[segcap      2.062 info ] ue4:   +0x008 = 000000EC00000043     U:"-" F:"-"
[segcap      2.062 info ] ue4:   +0x010 = 00000265E9CE4780 ptr U:"Class" F:"None"
[segcap      2.062 info ] ue4:   +0x018 = 0000000000007BCB     U:"-" F:"-"
[segcap      2.062 info ] ue4:   +0x020 = 00000265EF9A00A0 ptr U:"/Script/Engine" F:"None"
[segcap      2.062 info ] ue4:   +0x030 = 000002658E171C00 ptr U:"-" F:"-"
[segcap      2.062 info ] ue4:   +0x038 = 0000000000000005     U:"-" F:"-"
[segcap      2.062 info ] ue4:   +0x040 = 000002658FFD5500 ptr U:"MeshComponent" F:"None"
[segcap      2.062 info ] ue4:   +0x048 = 00000265EFAEE790 ptr U:"SetStaticMesh" F:"-"
[segcap      2.062 info ] ue4:   +0x050 = 00000265CDD77300 ptr U:"-" F:"ForcedLodModel"
[segcap      2.062 info ] ue4:   +0x058 = 00000010000004E0     U:"-" F:"-"
[segcap      2.062 info ] ue4:   +0x070 = 00000265CDD77300 ptr U:"-" F:"ForcedLodModel"
[segcap      2.062 info ] ue4:   +0x078 = 00000265CDD75400 ptr U:"-" F:"StaticMesh"
[segcap      2.062 info ] ue4:   +0x088 = 00000265CAE3C880 ptr U:"-" F:"bCanEverAffectNavigation"
[segcap      2.062 info ] ue4:   +0x0B0 = 00007FF6CF0A2FE0 ptr U:"-" F:"-"
[segcap      2.062 info ] ue4:   +0x0B8 = 00007FF6CC7B0E80 ptr U:"-" F:"-"
[segcap      2.062 info ] ue4:   +0x0C0 = 00007FF6CE9F5C30 ptr U:"-" F:"-"
[segcap      2.062 info ] ue4:   +0x0C8 = 30B010A400000000     U:"-" F:"-"
[segcap      2.062 info ] ue4:   +0x0D0 = 0000218000000000     U:"-" F:"-"
[segcap      2.062 info ] ue4:   +0x0D8 = 000002658EF32140 ptr U:"Object" F:"None"
[segcap      2.062 info ] ue4:   +0x0E8 = 00000000000000E3     U:"-" F:"-"
[segcap      2.062 info ] ue4:   +0x118 = 00000265EFC129B0 ptr U:"Default__StaticMeshComponent" F:"-"
[segcap      2.062 info ] ue4: --- end probe ---
[segcap      2.062 info ] ue4: 94 properties declared directly on UPrimitiveComponent
[segcap      2.062 info ] ue4:     +0x200   size=4     MinDrawDistance
[segcap      2.062 info ] ue4:     +0x204   size=4     LDMaxDrawDistance
[segcap      2.062 info ] ue4:     +0x208   size=4     CachedMaxDrawDistance
[segcap      2.062 info ] ue4:     +0x20C   size=1     DepthPriorityGroup
[segcap      2.062 info ] ue4:     +0x20D   size=1     ViewOwnerDepthPriorityGroup
[segcap      2.062 info ] ue4:     +0x20E   size=1     IndirectLightingCacheQuality
[segcap      2.062 info ] ue4:     +0x20F   size=1     LightmapType
[segcap      2.062 info ] ue4:     +0x210   size=1     bUseMaxLODAsImposter
[segcap      2.062 info ] ue4:     +0x210   size=1     bBatchImpostersAsInstances
[segcap      2.062 info ] ue4:     +0x210   size=1     bNeverDistanceCull
[segcap      2.062 info ] ue4:     +0x210   size=1     bAlwaysCreatePhysicsState
[segcap      2.062 info ] ue4:     +0x211   size=1     bGenerateOverlapEvents
[segcap      2.062 info ] ue4:     +0x211   size=1     bMultiBodyOverlap
[segcap      2.062 info ] ue4:     +0x211   size=1     bTraceComplexOnMove
[segcap      2.062 info ] ue4:     +0x211   size=1     bReturnMaterialOnMove
[segcap      2.062 info ] ue4:     +0x211   size=1     bUseViewOwnerDepthPriorityGroup
[segcap      2.062 info ] ue4:     +0x211   size=1     bAllowCullDistanceVolume
[segcap      2.062 info ] ue4:     +0x211   size=1     bHasMotionBlurVelocityMeshes
[segcap      2.062 info ] ue4:     +0x211   size=1     bVisibleInReflectionCaptures
[segcap      2.062 info ] ue4:     +0x212   size=1     bVisibleInRealTimeSkyCaptures
[segcap      2.062 info ] ue4:     +0x212   size=1     bVisibleInRayTracing
[segcap      2.062 info ] ue4:     +0x212   size=1     bRenderInMainPass
[segcap      2.062 info ] ue4:     +0x212   size=1     bRenderInDepthPass
[segcap      2.062 info ] ue4:     +0x212   size=1     bReceivesDecals
[segcap      2.062 info ] ue4:     +0x212   size=1     bOwnerNoSee
[segcap      2.062 info ] ue4:     +0x212   size=1     bOnlyOwnerSee
[segcap      2.062 info ] ue4:     +0x212   size=1     bTreatAsBackgroundForOcclusion
[segcap      2.062 info ] ue4:     +0x213   size=1     bUseAsOccluder
[segcap      2.062 info ] ue4:     +0x213   size=1     bSelectable
[segcap      2.062 info ] ue4:     +0x213   size=1     bForceMipStreaming
[segcap      2.062 info ] ue4:  FOUND bRenderCustomDepth           [BoolProperty] byte +0x216 mask 0x40  <- PACKED BIT, read-modify-write only
[segcap      2.062 info ] ue4:  FOUND CustomDepthStencilValue      [IntProperty] at +0x220 (size 4)
[segcap      2.062 info ] ue4:  FOUND bVisible                     [BoolProperty] byte +0x14C mask 0x20  <- PACKED BIT, read-modify-write only
[segcap      2.062 info ] ue4:  FOUND CustomDepthStencilWriteMask  [EnumProperty] at +0x21C (size 1)
[segcap      2.984 info ] readback: target 2560x1600, stencil plane footprint fmt=60 pitch=2560 rows=1600 bytes=4096000
[segcap      2.984 info ] readback: ring ready (3 slots x 4096000 bytes)
[segcap      2.984 info ] --- frame 2: 33 distinct targets observed, 0 descriptor misses ---
[segcap      2.984 info ]     readback submitted=1 delivered=0 dropped=0
[segcap      2.984 info ]   DS 00000265AFCDC600 R32G8X24_TYPELESS      1x1 samples=1 binds=0 clears=1 depth=NO state=0xE0
[segcap      2.984 info ]   DS 000002684F510750 R32G8X24_TYPELESS      2560x1600 samples=1 binds=2 clears=2 depth=yes state=0xE0
[segcap      2.984 info ]   DS 000002684F23F0D0 R32G8X24_TYPELESS      2560x1600 samples=1 binds=0 clears=2 depth=NO state=0x10
[segcap      2.984 info ]   DS 000002684F594150 R32G8X24_TYPELESS      2560x1600 samples=1 binds=2 clears=2 depth=yes state=0x40
[segcap      2.984 info ]   election:
[segcap      2.984 info ]      +200 000002684F510750  full-res + stencil; few binds (2) => CustomDepth pass; new (1 frames)
[segcap      2.984 info ]      +200 000002684F594150  full-res + stencil; few binds (2) => CustomDepth pass; new (1 frames)
[segcap      2.984 info ]      +190 000002684F23F0D0  full-res + stencil; cleared but never bound => CustomDepth with no opt-ins; new (1 frames)
[segcap      2.984 info ]        +0 0000026593433A60  rejected: no stencil plane (other)
[segcap      2.984 info ]        +0 00000265AFCD6660  rejected: no stencil plane (R10G10B10A2_UNORM)
[segcap      2.984 info ]        +0 00000265AFCDC600  rejected: 1x1 != backbuffer 2560x1600
[segcap      2.984 info ]        +0 000002684EB67520  rejected: no stencil plane (R11G11B10_FLOAT)
[segcap      2.984 info ]        +0 000002684EB67EB0  rejected: no stencil plane (R11G11B10_FLOAT)
[segcap      2.984 info ]        +0 000002684EC45080  rejected: no stencil plane (R11G11B10_FLOAT)
[segcap      2.984 info ]        +0 000002684F23CA90  rejected: no stencil plane (other)
[segcap      2.984 info ]        +0 000002684F23FA60  rejected: no stencil plane (R11G11B10_FLOAT)
[segcap      2.984 info ]        +0 000002684F58CE90  rejected: no stencil plane (R16G16B16A16_FLOAT)
[segcap      2.984 info ]        +0 000002684F58D820  rejected: no stencil plane (R16G16B16A16_FLOAT)
[segcap      2.984 info ]        +0 000002684F58EB40  rejected: no stencil plane (R16G16B16A16_FLOAT)
[segcap      2.984 info ]        +0 000002684F58F4D0  rejected: no stencil plane (R16G16B16A16_FLOAT)
[segcap      2.984 info ]        +0 000002684F58FE60  rejected: no stencil plane (R16G16B16A16_FLOAT)
[segcap      2.984 info ]        +0 000002684F5907F0  rejected: no stencil plane (R16G16B16A16_FLOAT)
[segcap      2.984 info ]        +0 000002684F5937C0  rejected: no stencil plane (other)
[segcap      2.984 info ]        +0 00000268765F5270  rejected: no stencil plane (R10G10B10A2_UNORM)
[segcap      2.984 info ]        +0 000002687710DCD0  rejected: no stencil plane (other)
[segcap      2.984 info ]        +0 000002687710E660  rejected: no stencil plane (R16G16B16A16_FLOAT)
[segcap      2.984 info ]        +0 0000026877234A50  rejected: no stencil plane (R11G11B10_FLOAT)
[segcap      2.984 info ]        +0 0000026877235D70  rejected: no stencil plane (other)
[segcap      2.984 info ]        +0 0000026877236700  rejected: no stencil plane (R11G11B10_FLOAT)
[segcap      2.984 info ]        +0 0000026877237090  rejected: no stencil plane (R11G11B10_FLOAT)
[segcap      2.984 info ]        +0 0000026877237A20  rejected: no stencil plane (R11G11B10_FLOAT)
[segcap      2.984 info ]        +0 00000268772383B0  rejected: no stencil plane (R11G11B10_FLOAT)
[segcap      2.984 info ]        +0 0000026877238D40  rejected: no stencil plane (R11G11B10_FLOAT)
[segcap      2.984 info ]        +0 00000268772396D0  rejected: no stencil plane (R11G11B10_FLOAT)
[segcap      2.984 info ]        +0 000002687723A060  rejected: no stencil plane (R11G11B10_FLOAT)
[segcap      2.984 info ]        +0 000002687723A9F0  rejected: no stencil plane (R11G11B10_FLOAT)
[segcap      2.984 info ]        +0 000002687723B380  rejected: no stencil plane (R11G11B10_FLOAT)
[segcap      2.984 info ]        +0 000002687723BD10  rejected: no stencil plane (R11G11B10_FLOAT)
[segcap      2.984 info ]   ELECTED 000002684F510750 (score 200)
[segcap      3.015 info ] mask frame 2 dumped (2560x1600 pitch=2560); distinct stencil values: 0 
[segcap      7.953 info ] --- frame 301: 37 distinct targets observed, 0 descriptor misses ---
[segcap      7.953 info ]     readback submitted=300 delivered=299 dropped=0
[segcap      7.953 info ]   DS 00000265AFCDC600 R32G8X24_TYPELESS      1x1 samples=1 binds=0 clears=1 depth=NO state=0xE0
[segcap      7.953 info ]   DS 000002684F510750 R32G8X24_TYPELESS      2560x1600 samples=1 binds=2 clears=2 depth=yes state=0x40
[segcap      7.953 info ]   DS 000002684F23F0D0 R32G8X24_TYPELESS      2560x1600 samples=1 binds=0 clears=1 depth=NO state=0x10
[segcap      7.953 info ]   DS 000002684F594150 R32G8X24_TYPELESS      2560x1600 samples=1 binds=2 clears=2 depth=yes state=0xE0
[segcap      7.953 info ]   election:
[segcap      7.953 info ]      +270 000002684F510750  full-res + stencil; few binds (2) => CustomDepth pass; seen 151 frames; INCUMBENT
[segcap      7.953 info ]      +230 000002684F594150  full-res + stencil; few binds (2) => CustomDepth pass; seen 150 frames
[segcap      7.953 info ]      +220 000002684F23F0D0  full-res + stencil; cleared but never bound => CustomDepth with no opt-ins; seen 300 frames
[segcap      7.953 info ]        +0 0000026593433A60  rejected: no stencil plane (other)
[segcap      7.953 info ]        +0 00000265AFCD5CD0  rejected: no stencil plane (R10G10B10A2_UNORM)
[segcap      7.953 info ]        +0 00000265AFCD6660  rejected: no stencil plane (R10G10B10A2_UNORM)
[segcap      7.953 info ]        +0 00000265AFCD8310  rejected: no stencil plane (R10G10B10A2_UNORM)
[segcap      7.953 info ]        +0 00000265AFCDC600  rejected: 1x1 != backbuffer 2560x1600
[segcap      7.953 info ]        +0 00000265B0A58D20  rejected: no stencil plane (other)
[segcap      7.953 info ]        +0 00000265B0A61C90  rejected: no stencil plane (R11G11B10_FLOAT)
[segcap      7.953 info ]        +0 000002684EB67520  rejected: no stencil plane (R11G11B10_FLOAT)
[segcap      7.953 info ]        +0 000002684EB67EB0  rejected: no stencil plane (R11G11B10_FLOAT)
[segcap      7.953 info ]        +0 000002684EC45080  rejected: no stencil plane (R11G11B10_FLOAT)
[segcap      7.953 info ]        +0 000002684F23CA90  rejected: no stencil plane (other)
[segcap      7.953 info ]        +0 000002684F23FA60  rejected: no stencil plane (R11G11B10_FLOAT)
[segcap      7.953 info ]        +0 000002684F58CE90  rejected: no stencil plane (R16G16B16A16_FLOAT)
[segcap      7.953 info ]        +0 000002684F58D820  rejected: no stencil plane (R16G16B16A16_FLOAT)
[segcap      7.953 info ]        +0 000002684F58EB40  rejected: no stencil plane (R16G16B16A16_FLOAT)
[segcap      7.953 info ]        +0 000002684F58F4D0  rejected: no stencil plane (R16G16B16A16_FLOAT)
[segcap      7.953 info ]        +0 000002684F58FE60  rejected: no stencil plane (R16G16B16A16_FLOAT)
[segcap      7.953 info ]        +0 000002684F5907F0  rejected: no stencil plane (R16G16B16A16_FLOAT)
[segcap      7.953 info ]        +0 000002684F5937C0  rejected: no stencil plane (other)
[segcap      7.953 info ]        +0 00000268765F5270  rejected: no stencil plane (R10G10B10A2_UNORM)
[segcap      7.953 info ]        +0 000002687710DCD0  rejected: no stencil plane (other)
[segcap      7.953 info ]        +0 000002687710E660  rejected: no stencil plane (R16G16B16A16_FLOAT)
[segcap      7.953 info ]        +0 0000026877234A50  rejected: no stencil plane (R11G11B10_FLOAT)
[segcap      7.953 info ]        +0 0000026877235D70  rejected: no stencil plane (other)
[segcap      7.953 info ]        +0 0000026877236700  rejected: no stencil plane (R11G11B10_FLOAT)
[segcap      7.953 info ]        +0 0000026877237090  rejected: no stencil plane (R11G11B10_FLOAT)
[segcap      7.953 info ]        +0 0000026877237A20  rejected: no stencil plane (R11G11B10_FLOAT)
[segcap      7.953 info ]        +0 00000268772383B0  rejected: no stencil plane (R11G11B10_FLOAT)
[segcap      7.953 info ]        +0 0000026877238D40  rejected: no stencil plane (R11G11B10_FLOAT)
[segcap      7.953 info ]        +0 00000268772396D0  rejected: no stencil plane (R11G11B10_FLOAT)
[segcap      7.953 info ]        +0 000002687723A060  rejected: no stencil plane (R11G11B10_FLOAT)
[segcap      7.953 info ]        +0 000002687723A9F0  rejected: no stencil plane (R11G11B10_FLOAT)
[segcap      7.953 info ]        +0 000002687723B380  rejected: no stencil plane (R11G11B10_FLOAT)
[segcap      7.953 info ]        +0 000002687723BD10  rejected: no stencil plane (R11G11B10_FLOAT)
[segcap      7.953 info ]   ELECTED 000002684F510750 (score 270)
[segcap     14.250 info ] --- frame 601: 37 distinct targets observed, 0 descriptor misses ---
[segcap     14.250 info ]     readback submitted=600 delivered=599 dropped=0
[segcap     14.250 info ]   DS 00000265AFCDC600 R32G8X24_TYPELESS      1x1 samples=1 binds=0 clears=1 depth=NO state=0xE0
[segcap     14.250 info ]   DS 000002684F510750 R32G8X24_TYPELESS      2560x1600 samples=1 binds=2 clears=2 depth=yes state=0x40
[segcap     14.250 info ]   DS 000002684F23F0D0 R32G8X24_TYPELESS      2560x1600 samples=1 binds=0 clears=1 depth=NO state=0x10
[segcap     14.250 info ]   DS 000002684F594150 R32G8X24_TYPELESS      2560x1600 samples=1 binds=2 clears=2 depth=yes state=0xE0
[segcap     14.250 info ]   election:
[segcap     14.250 info ]      +270 000002684F510750  full-res + stencil; few binds (2) => CustomDepth pass; seen 301 frames; INCUMBENT
[segcap     14.250 info ]      +250 000002684F23F0D0  full-res + stencil; cleared but never bound => CustomDepth with no opt-ins; persistent (600 frames)
[segcap     14.250 info ]      +230 000002684F594150  full-res + stencil; few binds (2) => CustomDepth pass; seen 300 frames
[segcap     14.250 info ]        +0 0000026593433A60  rejected: no stencil plane (other)
[segcap     14.250 info ]        +0 00000265AFCD5CD0  rejected: no stencil plane (R10G10B10A2_UNORM)
[segcap     14.250 info ]        +0 00000265AFCD6660  rejected: no stencil plane (R10G10B10A2_UNORM)
[segcap     14.250 info ]        +0 00000265AFCD8310  rejected: no stencil plane (R10G10B10A2_UNORM)
[segcap     14.250 info ]        +0 00000265AFCDC600  rejected: 1x1 != backbuffer 2560x1600
[segcap     14.250 info ]        +0 00000265B0A58D20  rejected: no stencil plane (other)
[segcap     14.250 info ]        +0 00000265B0A61C90  rejected: no stencil plane (R11G11B10_FLOAT)
[segcap     14.250 info ]        +0 000002684EB67520  rejected: no stencil plane (R11G11B10_FLOAT)
[segcap     14.250 info ]        +0 000002684EB67EB0  rejected: no stencil plane (R11G11B10_FLOAT)
[segcap     14.250 info ]        +0 000002684EC45080  rejected: no stencil plane (R11G11B10_FLOAT)
[segcap     14.250 info ]        +0 000002684F23CA90  rejected: no stencil plane (other)
[segcap     14.250 info ]        +0 000002684F23FA60  rejected: no stencil plane (R11G11B10_FLOAT)
[segcap     14.250 info ]        +0 000002684F58CE90  rejected: no stencil plane (R16G16B16A16_FLOAT)
[segcap     14.250 info ]        +0 000002684F58D820  rejected: no stencil plane (R16G16B16A16_FLOAT)
[segcap     14.250 info ]        +0 000002684F58EB40  rejected: no stencil plane (R16G16B16A16_FLOAT)
[segcap     14.250 info ]        +0 000002684F58F4D0  rejected: no stencil plane (R16G16B16A16_FLOAT)
[segcap     14.250 info ]        +0 000002684F58FE60  rejected: no stencil plane (R16G16B16A16_FLOAT)
[segcap     14.250 info ]        +0 000002684F5907F0  rejected: no stencil plane (R16G16B16A16_FLOAT)
[segcap     14.250 info ]        +0 000002684F5937C0  rejected: no stencil plane (other)
[segcap     14.250 info ]        +0 00000268765F5270  rejected: no stencil plane (R10G10B10A2_UNORM)
[segcap     14.250 info ]        +0 000002687710DCD0  rejected: no stencil plane (other)
[segcap     14.250 info ]        +0 000002687710E660  rejected: no stencil plane (R16G16B16A16_FLOAT)
[segcap     14.250 info ]        +0 0000026877234A50  rejected: no stencil plane (R11G11B10_FLOAT)
[segcap     14.250 info ]        +0 0000026877235D70  rejected: no stencil plane (other)
[segcap     14.250 info ]        +0 0000026877236700  rejected: no stencil plane (R11G11B10_FLOAT)
[segcap     14.250 info ]        +0 0000026877237090  rejected: no stencil plane (R11G11B10_FLOAT)
[segcap     14.250 info ]        +0 0000026877237A20  rejected: no stencil plane (R11G11B10_FLOAT)
[segcap     14.250 info ]        +0 00000268772383B0  rejected: no stencil plane (R11G11B10_FLOAT)
[segcap     14.250 info ]        +0 0000026877238D40  rejected: no stencil plane (R11G11B10_FLOAT)
[segcap     14.250 info ]        +0 00000268772396D0  rejected: no stencil plane (R11G11B10_FLOAT)
[segcap     14.250 info ]        +0 000002687723A060  rejected: no stencil plane (R11G11B10_FLOAT)
[segcap     14.250 info ]        +0 000002687723A9F0  rejected: no stencil plane (R11G11B10_FLOAT)
[segcap     14.250 info ]        +0 000002687723B380  rejected: no stencil plane (R11G11B10_FLOAT)
[segcap     14.250 info ]        +0 000002687723BD10  rejected: no stencil plane (R11G11B10_FLOAT)
[segcap     14.250 info ]   ELECTED 000002684F510750 (score 270)
[segcap     19.250 info ] --- frame 901: 35 distinct targets observed, 0 descriptor misses ---
[segcap     19.250 info ]     readback submitted=900 delivered=899 dropped=0
[segcap     19.250 info ]   DS 000002684F510750 R32G8X24_TYPELESS      2560x1600 samples=1 binds=2 clears=2 depth=yes state=0x40
[segcap     19.250 info ]   DS 000002684F23F0D0 R32G8X24_TYPELESS      2560x1600 samples=1 binds=0 clears=1 depth=NO state=0x10
[segcap     19.250 info ]   DS 000002684F594150 R32G8X24_TYPELESS      2560x1600 samples=1 binds=2 clears=2 depth=yes state=0xE0
[segcap     19.250 info ]   election:
[segcap     19.250 info ]      +270 000002684F510750  full-res + stencil; few binds (2) => CustomDepth pass; seen 451 frames; INCUMBENT
[segcap     19.250 info ]      +250 000002684F23F0D0  full-res + stencil; cleared but never bound => CustomDepth with no opt-ins; persistent (900 frames)
[segcap     19.250 info ]      +230 000002684F594150  full-res + stencil; few binds (2) => CustomDepth pass; seen 450 frames
[segcap     19.250 info ]        +0 00000265AFCD5CD0  rejected: no stencil plane (R10G10B10A2_UNORM)
[segcap     19.250 info ]        +0 00000265AFCD6660  rejected: no stencil plane (R10G10B10A2_UNORM)
[segcap     19.250 info ]        +0 00000265AFCD8310  rejected: no stencil plane (R10G10B10A2_UNORM)
[segcap     19.250 info ]        +0 00000265B0A58D20  rejected: no stencil plane (other)
[segcap     19.250 info ]        +0 00000265B0A61C90  rejected: no stencil plane (R11G11B10_FLOAT)
[segcap     19.250 info ]        +0 000002684EB67520  rejected: no stencil plane (R11G11B10_FLOAT)
[segcap     19.250 info ]        +0 000002684EB67EB0  rejected: no stencil plane (R11G11B10_FLOAT)
[segcap     19.250 info ]        +0 000002684EC45080  rejected: no stencil plane (R11G11B10_FLOAT)
[segcap     19.250 info ]        +0 000002684F23CA90  rejected: no stencil plane (other)
[segcap     19.250 info ]        +0 000002684F23FA60  rejected: no stencil plane (R11G11B10_FLOAT)
[segcap     19.250 info ]        +0 000002684F58CE90  rejected: no stencil plane (R16G16B16A16_FLOAT)
[segcap     19.250 info ]        +0 000002684F58D820  rejected: no stencil plane (R16G16B16A16_FLOAT)
[segcap     19.250 info ]        +0 000002684F58EB40  rejected: no stencil plane (R16G16B16A16_FLOAT)
[segcap     19.250 info ]        +0 000002684F58F4D0  rejected: no stencil plane (R16G16B16A16_FLOAT)
[segcap     19.250 info ]        +0 000002684F58FE60  rejected: no stencil plane (R16G16B16A16_FLOAT)
[segcap     19.250 info ]        +0 000002684F5907F0  rejected: no stencil plane (R16G16B16A16_FLOAT)
[segcap     19.250 info ]        +0 000002684F5937C0  rejected: no stencil plane (other)
[segcap     19.250 info ]        +0 00000268765F5270  rejected: no stencil plane (R10G10B10A2_UNORM)
[segcap     19.250 info ]        +0 000002687710DCD0  rejected: no stencil plane (other)
[segcap     19.250 info ]        +0 000002687710E660  rejected: no stencil plane (R16G16B16A16_FLOAT)
[segcap     19.250 info ]        +0 0000026877234A50  rejected: no stencil plane (R11G11B10_FLOAT)
[segcap     19.250 info ]        +0 0000026877235D70  rejected: no stencil plane (other)
[segcap     19.250 info ]        +0 0000026877236700  rejected: no stencil plane (R11G11B10_FLOAT)
[segcap     19.250 info ]        +0 0000026877237090  rejected: no stencil plane (R11G11B10_FLOAT)
[segcap     19.250 info ]        +0 0000026877237A20  rejected: no stencil plane (R11G11B10_FLOAT)
[segcap     19.250 info ]        +0 00000268772383B0  rejected: no stencil plane (R11G11B10_FLOAT)
[segcap     19.250 info ]        +0 0000026877238D40  rejected: no stencil plane (R11G11B10_FLOAT)
[segcap     19.250 info ]        +0 00000268772396D0  rejected: no stencil plane (R11G11B10_FLOAT)
[segcap     19.250 info ]        +0 000002687723A060  rejected: no stencil plane (R11G11B10_FLOAT)
[segcap     19.250 info ]        +0 000002687723A9F0  rejected: no stencil plane (R11G11B10_FLOAT)
[segcap     19.250 info ]        +0 000002687723B380  rejected: no stencil plane (R11G11B10_FLOAT)
[segcap     19.250 info ]        +0 000002687723BD10  rejected: no stencil plane (R11G11B10_FLOAT)
[segcap     19.250 info ]   ELECTED 000002684F510750 (score 270)
[segcap     22.156 info ] readback: target 2560x1600, stencil plane footprint fmt=60 pitch=2560 rows=1600 bytes=4096000
[segcap     22.156 info ] readback: ring ready (3 slots x 4096000 bytes)
[segcap     22.156 info ] --- frame 1059: 82 distinct targets observed, 0 descriptor misses ---
[segcap     22.156 info ]     readback submitted=1058 delivered=1057 dropped=0
[segcap     22.156 info ]   DS 000002684F510750 R32G8X24_TYPELESS      2560x1600 samples=1 binds=12 clears=4 depth=yes state=0x40
[segcap     22.156 info ]   DS 000002684F23F0D0 R32G8X24_TYPELESS      2560x1600 samples=1 binds=0 clears=3 depth=NO state=0x10
[segcap     22.156 info ]   DS 000002684EE56E10 R32G8X24_TYPELESS      2560x1600 samples=1 binds=10 clears=2 depth=yes state=0x10
[segcap     22.156 info ]   DS 000002684F594150 R32G8X24_TYPELESS      2560x1600 samples=1 binds=2 clears=2 depth=yes state=0xE0
[segcap     22.156 info ]   election:
[segcap     22.156 info ]      +250 000002684F23F0D0  full-res + stencil; cleared but never bound => CustomDepth with no opt-ins; persistent (1058 frames)
[segcap     22.156 info ]      +230 000002684F594150  full-res + stencil; few binds (2) => CustomDepth pass; seen 529 frames
[segcap     22.156 info ]      +220 000002684F510750  full-res + stencil; seen 530 frames; INCUMBENT
[segcap     22.156 info ]      +150 000002684EE56E10  full-res + stencil; new (1 frames)
[segcap     22.156 info ]        +0 0000026593433A60  rejected: no stencil plane (other)
[segcap     22.156 info ]        +0 00000265AFCD5CD0  rejected: no stencil plane (R10G10B10A2_UNORM)
[segcap     22.156 info ]        +0 00000265AFCD6660  rejected: no stencil plane (R10G10B10A2_UNORM)
[segcap     22.156 info ]        +0 00000265AFCD8310  rejected: no stencil plane (R10G10B10A2_UNORM)
[segcap     22.156 info ]        +0 00000265B0A58D20  rejected: no stencil plane (other)
[segcap     22.156 info ]        +0 00000265B0A5F650  rejected: no stencil plane (R10G10B10A2_UNORM)
[segcap     22.156 info ]        +0 00000265B0A61C90  rejected: no stencil plane (R11G11B10_FLOAT)
[segcap     22.156 info ]        +0 00000265B0A74A40  rejected: no stencil plane (R16G16B16A16_FLOAT)
[segcap     22.156 info ]        +0 000002684EAF8370  rejected: no stencil plane (R16G16B16A16_FLOAT)
[segcap     22.156 info ]        +0 000002684EAF8D00  rejected: no stencil plane (R16G16B16A16_FLOAT)
[segcap     22.156 info ]        +0 000002684EAF9690  rejected: no stencil plane (other)
[segcap     22.156 info ]        +0 000002684EAFA020  rejected: no stencil plane (other)
[segcap     22.156 info ]        +0 000002684EAFA9B0  rejected: no stencil plane (other)
[segcap     22.156 info ]        +0 000002684EB67520  rejected: no stencil plane (R11G11B10_FLOAT)
[segcap     22.156 info ]        +0 000002684EB67EB0  rejected: no stencil plane (R11G11B10_FLOAT)
[segcap     22.156 info ]        +0 000002684EC3C6E0  rejected: no stencil plane (R16G16B16A16_FLOAT)
[segcap     22.156 info ]        +0 000002684EC3ECF0  rejected: no stencil plane (R16G16B16A16_FLOAT)
[segcap     22.156 info ]        +0 000002684EC45080  rejected: no stencil plane (R11G11B10_FLOAT)
[segcap     22.156 info ]        +0 000002684ED941B0  rejected: no stencil plane (other)
[segcap     22.156 info ]        +0 000002684EE14EB0  rejected: no stencil plane (other)
[segcap     22.156 info ]        +0 000002684EE161D0  rejected: no stencil plane (other)
[segcap     22.156 info ]        +0 000002684EE174F0  rejected: no stencil plane (R11G11B10_FLOAT)
[segcap     22.156 info ]        +0 000002684EE17E80  rejected: no stencil plane (R11G11B10_FLOAT)
[segcap     22.156 info ]        +0 000002684EE56480  rejected: no stencil plane (other)
[segcap     22.156 info ]        +0 000002684EE58130  rejected: no stencil plane (other)
[segcap     22.156 info ]        +0 000002684EF388F0  rejected: no stencil plane (other)
[segcap     22.156 info ]        +0 000002684EF39280  rejected: no stencil plane (R11G11B10_FLOAT)
[segcap     22.156 info ]        +0 000002684EF3AF30  rejected: no stencil plane (R11G11B10_FLOAT)
[segcap     22.156 info ]        +0 000002684EF3B8C0  rejected: no stencil plane (R16G16B16A16_FLOAT)
[segcap     22.156 info ]        +0 000002684EF3C250  rejected: no stencil plane (R11G11B10_FLOAT)
[segcap     22.156 info ]        +0 000002684EF3CBE0  rejected: no stencil plane (R11G11B10_FLOAT)
[segcap     22.156 info ]        +0 000002684EF3D570  rejected: no stencil plane (R11G11B10_FLOAT)
[segcap     22.156 info ]        +0 000002684EF3DF00  rejected: no stencil plane (R11G11B10_FLOAT)
[segcap     22.156 info ]        +0 000002684EF3E890  rejected: no stencil plane (R11G11B10_FLOAT)
[segcap     22.156 info ]        +0 000002684EF3F220  rejected: no stencil plane (R11G11B10_FLOAT)
[segcap     22.156 info ]        +0 000002684EF3FBB0  rejected: no stencil plane (R11G11B10_FLOAT)
[segcap     22.156 info ]        +0 000002684F23CA90  rejected: no stencil plane (other)
[segcap     22.156 info ]        +0 000002684F23FA60  rejected: no stencil plane (R11G11B10_FLOAT)
[segcap     22.156 info ]        +0 000002684F58CE90  rejected: no stencil plane (R16G16B16A16_FLOAT)
[segcap     22.156 info ]        +0 000002684F58D820  rejected: no stencil plane (R16G16B16A16_FLOAT)
[segcap     22.156 info ]        +0 000002684F58EB40  rejected: no stencil plane (R16G16B16A16_FLOAT)
[segcap     22.156 info ]        +0 000002684F58F4D0  rejected: no stencil plane (R16G16B16A16_FLOAT)
[segcap     22.156 info ]        +0 000002684F58FE60  rejected: no stencil plane (R16G16B16A16_FLOAT)
[segcap     22.156 info ]        +0 000002684F5907F0  rejected: no stencil plane (R16G16B16A16_FLOAT)
[segcap     22.156 info ]        +0 000002684F5937C0  rejected: no stencil plane (other)
[segcap     22.156 info ]        +0 000002684FD90B80  rejected: no stencil plane (other)
[segcap     22.156 info ]        +0 000002685006EF20  rejected: no stencil plane (R16G16B16A16_FLOAT)
[segcap     22.156 info ]        +0 00000268500E2C90  rejected: no stencil plane (R16G16B16A16_FLOAT)
[segcap     22.156 info ]        +0 00000268501540B0  rejected: no stencil plane (R16G16B16A16_FLOAT)
[segcap     22.156 info ]        +0 0000026850154A40  rejected: no stencil plane (R11G11B10_FLOAT)
[segcap     22.156 info ]        +0 00000268501566F0  rejected: no stencil plane (R16G16B16A16_FLOAT)
[segcap     22.156 info ]        +0 000002685015A050  rejected: no stencil plane (R11G11B10_FLOAT)
[segcap     22.156 info ]        +0 00000268765F5270  rejected: no stencil plane (R10G10B10A2_UNORM)
[segcap     22.156 info ]        +0 000002687710DCD0  rejected: no stencil plane (other)
[segcap     22.156 info ]        +0 000002687710E660  rejected: no stencil plane (R16G16B16A16_FLOAT)
[segcap     22.156 info ]        +0 0000026877234A50  rejected: no stencil plane (R11G11B10_FLOAT)
[segcap     22.156 info ]        +0 0000026877235D70  rejected: no stencil plane (other)
[segcap     22.156 info ]        +0 0000026877236700  rejected: no stencil plane (R11G11B10_FLOAT)
[segcap     22.156 info ]        +0 0000026877237090  rejected: no stencil plane (R11G11B10_FLOAT)
[segcap     22.156 info ]        +0 0000026877237A20  rejected: no stencil plane (R11G11B10_FLOAT)
[segcap     22.156 info ]        +0 00000268772383B0  rejected: no stencil plane (R11G11B10_FLOAT)
[segcap     22.156 info ]        +0 0000026877238D40  rejected: no stencil plane (R11G11B10_FLOAT)
[segcap     22.156 info ]        +0 00000268772396D0  rejected: no stencil plane (R11G11B10_FLOAT)
[segcap     22.156 info ]        +0 000002687723A060  rejected: no stencil plane (R11G11B10_FLOAT)
[segcap     22.156 info ]        +0 000002687723A9F0  rejected: no stencil plane (R11G11B10_FLOAT)
[segcap     22.156 info ]        +0 000002687723B380  rejected: no stencil plane (R11G11B10_FLOAT)
[segcap     22.156 info ]        +0 000002687723BD10  rejected: no stencil plane (R11G11B10_FLOAT)
[segcap     22.156 info ]        +0 000002688B603B50  rejected: no stencil plane (other)
[segcap     22.156 info ]        +0 000002688B6B68A0  rejected: no stencil plane (R11G11B10_FLOAT)
[segcap     22.156 info ]        +0 000002688B6B7230  rejected: no stencil plane (R11G11B10_FLOAT)
[segcap     22.156 info ]        +0 000002688B6B7BC0  rejected: no stencil plane (R11G11B10_FLOAT)
[segcap     22.156 info ]        +0 000002688B6B9870  rejected: no stencil plane (R11G11B10_FLOAT)
[segcap     22.156 info ]        +0 000002688B6BA200  rejected: no stencil plane (other)
[segcap     22.156 info ]        +0 000002688B6BAB90  rejected: no stencil plane (R16G16B16A16_FLOAT)
[segcap     22.156 info ]        +0 000002688B6BB520  rejected: no stencil plane (R16G16B16A16_FLOAT)
[segcap     22.156 info ]        +0 0000026896572F50  rejected: no stencil plane (R16G16B16A16_FLOAT)
[segcap     22.156 info ]        +0 0000026896574D70  rejected: no stencil plane (other)
[segcap     22.156 info ]        +0 0000026896575C80  rejected: no stencil plane (R16G16B16A16_FLOAT)
[segcap     22.156 info ]   ELECTED 000002684F23F0D0 (score 250)
[segcap     24.500 info ] --- frame 1201: 87 distinct targets observed, 0 descriptor misses ---
[segcap     24.500 info ]     readback submitted=1200 delivered=1199 dropped=0
[segcap     24.500 info ]   DS 000002684F510750 R32G8X24_TYPELESS      2560x1600 samples=1 binds=10 clears=2 depth=yes state=0x40
[segcap     24.500 info ]   DS 000002684F23F0D0 R32G8X24_TYPELESS      2560x1600 samples=1 binds=0 clears=1 depth=NO state=0x10
[segcap     24.500 info ]   DS 000002684EE56E10 R32G8X24_TYPELESS      2560x1600 samples=1 binds=10 clears=2 depth=yes state=0xE0
[segcap     24.500 info ]   DS 000002684F594150 R32G8X24_TYPELESS      2560x1600 samples=1 binds=2 clears=2 depth=yes state=0xE0
[segcap     24.500 info ]   election:
[segcap     24.500 info ]      +290 000002684F23F0D0  full-res + stencil; cleared but never bound => CustomDepth with no opt-ins; persistent (1200 frames); INCUMBENT
[segcap     24.500 info ]      +230 000002684F594150  full-res + stencil; few binds (2) => CustomDepth pass; seen 529 frames
[segcap     24.500 info ]      +210 000002684F510750  full-res + stencil; persistent (601 frames)
[segcap     24.500 info ]      +150 000002684EE56E10  full-res + stencil; new (72 frames)
[segcap     24.500 info ]        +0 0000026593433A60  rejected: no stencil plane (other)
[segcap     24.500 info ]        +0 00000265AFCD5CD0  rejected: no stencil plane (R10G10B10A2_UNORM)
[segcap     24.500 info ]        +0 00000265AFCD6660  rejected: no stencil plane (R10G10B10A2_UNORM)
[segcap     24.500 info ]        +0 00000265AFCD8310  rejected: no stencil plane (R10G10B10A2_UNORM)
[segcap     24.500 info ]        +0 00000265B0A58D20  rejected: no stencil plane (other)
[segcap     24.500 info ]        +0 00000265B0A5F650  rejected: no stencil plane (R10G10B10A2_UNORM)
[segcap     24.500 info ]        +0 00000265B0A61C90  rejected: no stencil plane (R11G11B10_FLOAT)
[segcap     24.500 info ]        +0 00000265B0A74A40  rejected: no stencil plane (R16G16B16A16_FLOAT)
[segcap     24.500 info ]        +0 000002684EAF8370  rejected: no stencil plane (R16G16B16A16_FLOAT)
[segcap     24.500 info ]        +0 000002684EAF8D00  rejected: no stencil plane (R16G16B16A16_FLOAT)
[segcap     24.500 info ]        +0 000002684EAF9690  rejected: no stencil plane (other)
[segcap     24.500 info ]        +0 000002684EAFA020  rejected: no stencil plane (other)
[segcap     24.500 info ]        +0 000002684EAFA9B0  rejected: no stencil plane (other)
[segcap     24.500 info ]        +0 000002684EB67520  rejected: no stencil plane (R11G11B10_FLOAT)
[segcap     24.500 info ]        +0 000002684EB67EB0  rejected: no stencil plane (R11G11B10_FLOAT)
[segcap     24.500 info ]        +0 000002684EC3C6E0  rejected: no stencil plane (R16G16B16A16_FLOAT)
[segcap     24.500 info ]        +0 000002684EC3ECF0  rejected: no stencil plane (R16G16B16A16_FLOAT)
[segcap     24.500 info ]        +0 000002684EC45080  rejected: no stencil plane (R11G11B10_FLOAT)
[segcap     24.500 info ]        +0 000002684ED941B0  rejected: no stencil plane (other)
[segcap     24.500 info ]        +0 000002684EE14EB0  rejected: no stencil plane (other)
[segcap     24.500 info ]        +0 000002684EE161D0  rejected: no stencil plane (other)
[segcap     24.500 info ]        +0 000002684EE174F0  rejected: no stencil plane (R11G11B10_FLOAT)
[segcap     24.500 info ]        +0 000002684EE17E80  rejected: no stencil plane (R11G11B10_FLOAT)
[segcap     24.500 info ]        +0 000002684EE56480  rejected: no stencil plane (other)
[segcap     24.500 info ]        +0 000002684EE58130  rejected: no stencil plane (other)
[segcap     24.500 info ]        +0 000002684EF388F0  rejected: no stencil plane (other)
[segcap     24.500 info ]        +0 000002684EF39280  rejected: no stencil plane (R11G11B10_FLOAT)
[segcap     24.500 info ]        +0 000002684EF3AF30  rejected: no stencil plane (R11G11B10_FLOAT)
[segcap     24.500 info ]        +0 000002684EF3B8C0  rejected: no stencil plane (R16G16B16A16_FLOAT)
[segcap     24.500 info ]        +0 000002684EF3C250  rejected: no stencil plane (R11G11B10_FLOAT)
[segcap     24.500 info ]        +0 000002684EF3CBE0  rejected: no stencil plane (R11G11B10_FLOAT)
[segcap     24.500 info ]        +0 000002684EF3D570  rejected: no stencil plane (R11G11B10_FLOAT)
[segcap     24.500 info ]        +0 000002684EF3DF00  rejected: no stencil plane (R11G11B10_FLOAT)
[segcap     24.500 info ]        +0 000002684EF3E890  rejected: no stencil plane (R11G11B10_FLOAT)
[segcap     24.500 info ]        +0 000002684EF3F220  rejected: no stencil plane (R11G11B10_FLOAT)
[segcap     24.500 info ]        +0 000002684EF3FBB0  rejected: no stencil plane (R11G11B10_FLOAT)
[segcap     24.500 info ]        +0 000002684F23CA90  rejected: no stencil plane (other)
[segcap     24.500 info ]        +0 000002684F23FA60  rejected: no stencil plane (R11G11B10_FLOAT)
[segcap     24.500 info ]        +0 000002684F58CE90  rejected: no stencil plane (R16G16B16A16_FLOAT)
[segcap     24.500 info ]        +0 000002684F58D820  rejected: no stencil plane (R16G16B16A16_FLOAT)
[segcap     24.500 info ]        +0 000002684F58EB40  rejected: no stencil plane (R16G16B16A16_FLOAT)
[segcap     24.500 info ]        +0 000002684F58F4D0  rejected: no stencil plane (R16G16B16A16_FLOAT)
[segcap     24.500 info ]        +0 000002684F58FE60  rejected: no stencil plane (R16G16B16A16_FLOAT)
[segcap     24.500 info ]        +0 000002684F5907F0  rejected: no stencil plane (R16G16B16A16_FLOAT)
[segcap     24.500 info ]        +0 000002684F5937C0  rejected: no stencil plane (other)
[segcap     24.500 info ]        +0 000002684FD90B80  rejected: no stencil plane (other)
[segcap     24.500 info ]        +0 000002684FD931C0  rejected: no stencil plane (R16G16B16A16_FLOAT)
[segcap     24.500 info ]        +0 000002685006EF20  rejected: no stencil plane (R16G16B16A16_FLOAT)
[segcap     24.500 info ]        +0 00000268500E2C90  rejected: no stencil plane (R16G16B16A16_FLOAT)
[segcap     24.500 info ]        +0 00000268501540B0  rejected: no stencil plane (R16G16B16A16_FLOAT)
[segcap     24.500 info ]        +0 0000026850154A40  rejected: no stencil plane (R11G11B10_FLOAT)
[segcap     24.500 info ]        +0 00000268501566F0  rejected: no stencil plane (R16G16B16A16_FLOAT)
[segcap     24.500 info ]        +0 0000026850157080  rejected: no stencil plane (other)
[segcap     24.500 info ]        +0 0000026850157A10  rejected: no stencil plane (R11G11B10_FLOAT)
[segcap     24.500 info ]        +0 00000268501583A0  rejected: no stencil plane (R10G10B10A2_UNORM)
[segcap     24.500 info ]        +0 000002685015A050  rejected: no stencil plane (R11G11B10_FLOAT)
[segcap     24.500 info ]        +0 00000268501D4C20  rejected: no stencil plane (R11G11B10_FLOAT)
[segcap     24.500 info ]        +0 00000268765F5270  rejected: no stencil plane (R10G10B10A2_UNORM)
[segcap     24.500 info ]        +0 000002687710DCD0  rejected: no stencil plane (other)
[segcap     24.500 info ]        +0 000002687710E660  rejected: no stencil plane (R16G16B16A16_FLOAT)
[segcap     24.500 info ]        +0 0000026877234A50  rejected: no stencil plane (R11G11B10_FLOAT)
[segcap     24.500 info ]        +0 0000026877235D70  rejected: no stencil plane (other)
[segcap     24.500 info ]        +0 0000026877236700  rejected: no stencil plane (R11G11B10_FLOAT)
[segcap     24.500 info ]        +0 0000026877237090  rejected: no stencil plane (R11G11B10_FLOAT)
[segcap     24.500 info ]        +0 0000026877237A20  rejected: no stencil plane (R11G11B10_FLOAT)
[segcap     24.500 info ]        +0 00000268772383B0  rejected: no stencil plane (R11G11B10_FLOAT)
[segcap     24.500 info ]        +0 0000026877238D40  rejected: no stencil plane (R11G11B10_FLOAT)
[segcap     24.500 info ]        +0 00000268772396D0  rejected: no stencil plane (R11G11B10_FLOAT)
[segcap     24.500 info ]        +0 000002687723A060  rejected: no stencil plane (R11G11B10_FLOAT)
[segcap     24.500 info ]        +0 000002687723A9F0  rejected: no stencil plane (R11G11B10_FLOAT)
[segcap     24.500 info ]        +0 000002687723B380  rejected: no stencil plane (R11G11B10_FLOAT)
[segcap     24.500 info ]        +0 000002687723BD10  rejected: no stencil plane (R11G11B10_FLOAT)
[segcap     24.500 info ]        +0 000002688B603B50  rejected: no stencil plane (other)
[segcap     24.500 info ]        +0 000002688B6B68A0  rejected: no stencil plane (R11G11B10_FLOAT)
[segcap     24.500 info ]        +0 000002688B6B7230  rejected: no stencil plane (R11G11B10_FLOAT)
[segcap     24.500 info ]        +0 000002688B6B7BC0  rejected: no stencil plane (R11G11B10_FLOAT)
[segcap     24.500 info ]        +0 000002688B6B9870  rejected: no stencil plane (R11G11B10_FLOAT)
[segcap     24.500 info ]        +0 000002688B6BA200  rejected: no stencil plane (other)
[segcap     24.500 info ]        +0 000002688B6BAB90  rejected: no stencil plane (R16G16B16A16_FLOAT)
[segcap     24.500 info ]        +0 000002688B6BB520  rejected: no stencil plane (R16G16B16A16_FLOAT)
[segcap     24.500 info ]        +0 0000026896572F50  rejected: no stencil plane (R16G16B16A16_FLOAT)
[segcap     24.500 info ]        +0 0000026896574D70  rejected: no stencil plane (other)
[segcap     24.500 info ]        +0 0000026896575C80  rejected: no stencil plane (R16G16B16A16_FLOAT)
[segcap     24.500 info ]   ELECTED 000002684F23F0D0 (score 290)
[segcap     27.062 info ] ue4: searching vtable slots 60..80 for ProcessEvent
[segcap     27.094 info ] ue4: 6322 readable regions mapped
[segcap     28.625 info ] ue4: PE candidate 60 -> 90 valid, 37778 invalid (rejected)
[segcap     28.672 info ] ue4: 6323 readable regions mapped
[segcap     29.484 info ] --- frame 1501: 87 distinct targets observed, 0 descriptor misses ---
[segcap     29.484 info ]     readback submitted=1500 delivered=1499 dropped=0
[segcap     29.484 info ]   DS 000002684F510750 R32G8X24_TYPELESS      2560x1600 samples=1 binds=10 clears=2 depth=yes state=0x40
[segcap     29.484 info ]   DS 000002684F23F0D0 R32G8X24_TYPELESS      2560x1600 samples=1 binds=0 clears=1 depth=NO state=0x10
[segcap     29.484 info ]   DS 000002684EE56E10 R32G8X24_TYPELESS      2560x1600 samples=1 binds=10 clears=2 depth=yes state=0xE0
[segcap     29.484 info ]   DS 000002684F594150 R32G8X24_TYPELESS      2560x1600 samples=1 binds=2 clears=2 depth=yes state=0xE0
[segcap     29.484 info ]   election:
[segcap     29.484 info ]      +290 000002684F23F0D0  full-res + stencil; cleared but never bound => CustomDepth with no opt-ins; persistent (1500 frames); INCUMBENT
[segcap     29.484 info ]      +230 000002684F594150  full-res + stencil; few binds (2) => CustomDepth pass; seen 529 frames
[segcap     29.484 info ]      +210 000002684F510750  full-res + stencil; persistent (751 frames)
[segcap     29.484 info ]      +180 000002684EE56E10  full-res + stencil; seen 222 frames
[segcap     29.484 info ]        +0 0000026593433A60  rejected: no stencil plane (other)
[segcap     29.484 info ]        +0 00000265AFCD5CD0  rejected: no stencil plane (R10G10B10A2_UNORM)
[segcap     29.484 info ]        +0 00000265AFCD6660  rejected: no stencil plane (R10G10B10A2_UNORM)
[segcap     29.484 info ]        +0 00000265AFCD8310  rejected: no stencil plane (R10G10B10A2_UNORM)
[segcap     29.484 info ]        +0 00000265B0A58D20  rejected: no stencil plane (other)
[segcap     29.484 info ]        +0 00000265B0A5F650  rejected: no stencil plane (R10G10B10A2_UNORM)
[segcap     29.484 info ]        +0 00000265B0A61C90  rejected: no stencil plane (R11G11B10_FLOAT)
[segcap     29.484 info ]        +0 00000265B0A74A40  rejected: no stencil plane (R16G16B16A16_FLOAT)
[segcap     29.484 info ]        +0 000002684EAF8370  rejected: no stencil plane (R16G16B16A16_FLOAT)
[segcap     29.484 info ]        +0 000002684EAF8D00  rejected: no stencil plane (R16G16B16A16_FLOAT)
[segcap     29.484 info ]        +0 000002684EAF9690  rejected: no stencil plane (other)
[segcap     29.484 info ]        +0 000002684EAFA020  rejected: no stencil plane (other)
[segcap     29.484 info ]        +0 000002684EAFA9B0  rejected: no stencil plane (other)
[segcap     29.484 info ]        +0 000002684EB67520  rejected: no stencil plane (R11G11B10_FLOAT)
[segcap     29.484 info ]        +0 000002684EB67EB0  rejected: no stencil plane (R11G11B10_FLOAT)
[segcap     29.484 info ]        +0 000002684EC3C6E0  rejected: no stencil plane (R16G16B16A16_FLOAT)
[segcap     29.484 info ]        +0 000002684EC3ECF0  rejected: no stencil plane (R16G16B16A16_FLOAT)
[segcap     29.484 info ]        +0 000002684EC45080  rejected: no stencil plane (R11G11B10_FLOAT)
[segcap     29.484 info ]        +0 000002684ED941B0  rejected: no stencil plane (other)
[segcap     29.484 info ]        +0 000002684EE14EB0  rejected: no stencil plane (other)
[segcap     29.484 info ]        +0 000002684EE161D0  rejected: no stencil plane (other)
[segcap     29.484 info ]        +0 000002684EE174F0  rejected: no stencil plane (R11G11B10_FLOAT)
[segcap     29.484 info ]        +0 000002684EE17E80  rejected: no stencil plane (R11G11B10_FLOAT)
[segcap     29.484 info ]        +0 000002684EE56480  rejected: no stencil plane (other)
[segcap     29.484 info ]        +0 000002684EE58130  rejected: no stencil plane (other)
[segcap     29.484 info ]        +0 000002684EF388F0  rejected: no stencil plane (other)
[segcap     29.484 info ]        +0 000002684EF39280  rejected: no stencil plane (R11G11B10_FLOAT)
[segcap     29.484 info ]        +0 000002684EF3AF30  rejected: no stencil plane (R11G11B10_FLOAT)
[segcap     29.484 info ]        +0 000002684EF3B8C0  rejected: no stencil plane (R16G16B16A16_FLOAT)
[segcap     29.484 info ]        +0 000002684EF3C250  rejected: no stencil plane (R11G11B10_FLOAT)
[segcap     29.484 info ]        +0 000002684EF3CBE0  rejected: no stencil plane (R11G11B10_FLOAT)
[segcap     29.484 info ]        +0 000002684EF3D570  rejected: no stencil plane (R11G11B10_FLOAT)
[segcap     29.484 info ]        +0 000002684EF3DF00  rejected: no stencil plane (R11G11B10_FLOAT)
[segcap     29.484 info ]        +0 000002684EF3E890  rejected: no stencil plane (R11G11B10_FLOAT)
[segcap     29.484 info ]        +0 000002684EF3F220  rejected: no stencil plane (R11G11B10_FLOAT)
[segcap     29.484 info ]        +0 000002684EF3FBB0  rejected: no stencil plane (R11G11B10_FLOAT)
[segcap     29.484 info ]        +0 000002684F23CA90  rejected: no stencil plane (other)
[segcap     29.484 info ]        +0 000002684F23FA60  rejected: no stencil plane (R11G11B10_FLOAT)
[segcap     29.484 info ]        +0 000002684F58CE90  rejected: no stencil plane (R16G16B16A16_FLOAT)
[segcap     29.484 info ]        +0 000002684F58D820  rejected: no stencil plane (R16G16B16A16_FLOAT)
[segcap     29.484 info ]        +0 000002684F58EB40  rejected: no stencil plane (R16G16B16A16_FLOAT)
[segcap     29.484 info ]        +0 000002684F58F4D0  rejected: no stencil plane (R16G16B16A16_FLOAT)
[segcap     29.484 info ]        +0 000002684F58FE60  rejected: no stencil plane (R16G16B16A16_FLOAT)
[segcap     29.484 info ]        +0 000002684F5907F0  rejected: no stencil plane (R16G16B16A16_FLOAT)
[segcap     29.484 info ]        +0 000002684F5937C0  rejected: no stencil plane (other)
[segcap     29.484 info ]        +0 000002684FD90B80  rejected: no stencil plane (other)
[segcap     29.484 info ]        +0 000002684FD931C0  rejected: no stencil plane (R16G16B16A16_FLOAT)
[segcap     29.484 info ]        +0 000002685006EF20  rejected: no stencil plane (R16G16B16A16_FLOAT)
[segcap     29.484 info ]        +0 00000268500E2C90  rejected: no stencil plane (R16G16B16A16_FLOAT)
[segcap     29.484 info ]        +0 00000268501540B0  rejected: no stencil plane (R16G16B16A16_FLOAT)
[segcap     29.484 info ]        +0 0000026850154A40  rejected: no stencil plane (R11G11B10_FLOAT)
[segcap     29.484 info ]        +0 00000268501566F0  rejected: no stencil plane (R16G16B16A16_FLOAT)
[segcap     29.484 info ]        +0 0000026850157080  rejected: no stencil plane (other)
[segcap     29.484 info ]        +0 0000026850157A10  rejected: no stencil plane (R11G11B10_FLOAT)
[segcap     29.484 info ]        +0 00000268501583A0  rejected: no stencil plane (R10G10B10A2_UNORM)
[segcap     29.484 info ]        +0 000002685015A050  rejected: no stencil plane (R11G11B10_FLOAT)
[segcap     29.484 info ]        +0 00000268501D4C20  rejected: no stencil plane (R11G11B10_FLOAT)
[segcap     29.484 info ]        +0 00000268765F5270  rejected: no stencil plane (R10G10B10A2_UNORM)
[segcap     29.484 info ]        +0 000002687710DCD0  rejected: no stencil plane (other)
[segcap     29.500 info ]        +0 000002687710E660  rejected: no stencil plane (R16G16B16A16_FLOAT)
[segcap     29.500 info ]        +0 0000026877234A50  rejected: no stencil plane (R11G11B10_FLOAT)
[segcap     29.500 info ]        +0 0000026877235D70  rejected: no stencil plane (other)
[segcap     29.500 info ]        +0 0000026877236700  rejected: no stencil plane (R11G11B10_FLOAT)
[segcap     29.500 info ]        +0 0000026877237090  rejected: no stencil plane (R11G11B10_FLOAT)
[segcap     29.500 info ]        +0 0000026877237A20  rejected: no stencil plane (R11G11B10_FLOAT)
[segcap     29.500 info ]        +0 00000268772383B0  rejected: no stencil plane (R11G11B10_FLOAT)
[segcap     29.500 info ]        +0 0000026877238D40  rejected: no stencil plane (R11G11B10_FLOAT)
[segcap     29.500 info ]        +0 00000268772396D0  rejected: no stencil plane (R11G11B10_FLOAT)
[segcap     29.500 info ]        +0 000002687723A060  rejected: no stencil plane (R11G11B10_FLOAT)
[segcap     29.500 info ]        +0 000002687723A9F0  rejected: no stencil plane (R11G11B10_FLOAT)
[segcap     29.500 info ]        +0 000002687723B380  rejected: no stencil plane (R11G11B10_FLOAT)
[segcap     29.500 info ]        +0 000002687723BD10  rejected: no stencil plane (R11G11B10_FLOAT)
[segcap     29.500 info ]        +0 000002688B603B50  rejected: no stencil plane (other)
[segcap     29.500 info ]        +0 000002688B6B68A0  rejected: no stencil plane (R11G11B10_FLOAT)
[segcap     29.500 info ]        +0 000002688B6B7230  rejected: no stencil plane (R11G11B10_FLOAT)
[segcap     29.500 info ]        +0 000002688B6B7BC0  rejected: no stencil plane (R11G11B10_FLOAT)
[segcap     29.500 info ]        +0 000002688B6B9870  rejected: no stencil plane (R11G11B10_FLOAT)
[segcap     29.500 info ]        +0 000002688B6BA200  rejected: no stencil plane (other)
[segcap     29.500 info ]        +0 000002688B6BAB90  rejected: no stencil plane (R16G16B16A16_FLOAT)
[segcap     29.500 info ]        +0 000002688B6BB520  rejected: no stencil plane (R16G16B16A16_FLOAT)
[segcap     29.500 info ]        +0 0000026896572F50  rejected: no stencil plane (R16G16B16A16_FLOAT)
[segcap     29.500 info ]        +0 0000026896574D70  rejected: no stencil plane (other)
[segcap     29.500 info ]        +0 0000026896575C80  rejected: no stencil plane (R16G16B16A16_FLOAT)
[segcap     29.500 info ]   ELECTED 000002684F23F0D0 (score 290)
[segcap     30.203 info ] ue4: PE candidate 61 -> 90 valid, 37622 invalid (rejected)
[segcap     30.250 info ] ue4: 6322 readable regions mapped
[segcap     31.781 info ] ue4: PE candidate 62 -> 90 valid, 37665 invalid (rejected)
[segcap     31.828 info ] ue4: 6322 readable regions mapped
[segcap     33.359 info ] ue4: PE candidate 63 -> 90 valid, 37898 invalid (rejected)
[segcap     33.406 info ] ue4: 6323 readable regions mapped
[segcap     34.484 info ] --- frame 1801: 59 distinct targets observed, 0 descriptor misses ---
[segcap     34.484 info ]     readback submitted=1800 delivered=1799 dropped=0
[segcap     34.484 info ]   DS 000002684F510750 R32G8X24_TYPELESS      2560x1600 samples=1 binds=10 clears=2 depth=yes state=0x40
[segcap     34.484 info ]   DS 000002684F23F0D0 R32G8X24_TYPELESS      2560x1600 samples=1 binds=0 clears=1 depth=NO state=0x10
[segcap     34.484 info ]   DS 000002684EE56E10 R32G8X24_TYPELESS      2560x1600 samples=1 binds=10 clears=2 depth=yes state=0xE0
[segcap     34.500 info ]   election:
[segcap     34.500 info ]      +290 000002684F23F0D0  full-res + stencil; cleared but never bound => CustomDepth with no opt-ins; persistent (1800 frames); INCUMBENT
[segcap     34.500 info ]        +0 00000265AFCD5CD0  rejected: no stencil plane (R10G10B10A2_UNORM)
[segcap     34.500 info ]        +0 00000265AFCD6660  rejected: no stencil plane (R10G10B10A2_UNORM)
[segcap     34.500 info ]        +0 00000265AFCD8310  rejected: no stencil plane (R10G10B10A2_UNORM)
[segcap     34.500 info ]        +0 00000265B0A58D20  rejected: no stencil plane (other)
[segcap     34.500 info ]        +0 00000265B0A5F650  rejected: no stencil plane (R10G10B10A2_UNORM)
[segcap     34.500 info ]        +0 00000265B0A74A40  rejected: no stencil plane (R16G16B16A16_FLOAT)
[segcap     34.500 info ]        +0 000002684EAF8370  rejected: no stencil plane (R16G16B16A16_FLOAT)
[segcap     34.500 info ]        +0 000002684EAF8D00  rejected: no stencil plane (R16G16B16A16_FLOAT)
[segcap     34.500 info ]        +0 000002684EAF9690  rejected: no stencil plane (other)
[segcap     34.500 info ]        +0 000002684EAFA020  rejected: no stencil plane (other)
[segcap     34.500 info ]        +0 000002684EAFA9B0  rejected: no stencil plane (other)
[segcap     34.500 info ]        +0 000002684EB67520  rejected: no stencil plane (R11G11B10_FLOAT)
[segcap     34.500 info ]        +0 000002684ED941B0  rejected: no stencil plane (other)
[segcap     34.500 info ]        +0 000002684EE14EB0  rejected: no stencil plane (other)
[segcap     34.500 info ]        +0 000002684EE161D0  rejected: no stencil plane (other)
[segcap     34.500 info ]        +0 000002684EE174F0  rejected: no stencil plane (R11G11B10_FLOAT)
[segcap     34.500 info ]        +0 000002684EE56480  rejected: no stencil plane (other)
[segcap     34.500 info ]        +0 000002684EE56E10  rejected: MOST-BOUND (10 binds) => scene depth, stencil owned by UE4
[segcap     34.500 info ]        +0 000002684EE58130  rejected: no stencil plane (other)
[segcap     34.500 info ]        +0 000002684EF388F0  rejected: no stencil plane (other)
[segcap     34.500 info ]        +0 000002684EF39280  rejected: no stencil plane (R11G11B10_FLOAT)
[segcap     34.500 info ]        +0 000002684EF3AF30  rejected: no stencil plane (R11G11B10_FLOAT)
[segcap     34.500 info ]        +0 000002684EF3B8C0  rejected: no stencil plane (R16G16B16A16_FLOAT)
[segcap     34.500 info ]        +0 000002684EF3C250  rejected: no stencil plane (R11G11B10_FLOAT)
[segcap     34.500 info ]        +0 000002684EF3CBE0  rejected: no stencil plane (R11G11B10_FLOAT)
[segcap     34.500 info ]        +0 000002684EF3D570  rejected: no stencil plane (R11G11B10_FLOAT)
[segcap     34.500 info ]        +0 000002684EF3DF00  rejected: no stencil plane (R11G11B10_FLOAT)
[segcap     34.500 info ]        +0 000002684EF3E890  rejected: no stencil plane (R11G11B10_FLOAT)
[segcap     34.500 info ]        +0 000002684EF3F220  rejected: no stencil plane (R11G11B10_FLOAT)
[segcap     34.500 info ]        +0 000002684EF3FBB0  rejected: no stencil plane (R11G11B10_FLOAT)
[segcap     34.500 info ]        +0 000002684F23CA90  rejected: no stencil plane (other)
[segcap     34.500 info ]        +0 000002684F510750  rejected: MOST-BOUND (10 binds) => scene depth, stencil owned by UE4
[segcap     34.500 info ]        +0 000002684F58CE90  rejected: no stencil plane (R16G16B16A16_FLOAT)
[segcap     34.500 info ]        +0 000002684F58D820  rejected: no stencil plane (R16G16B16A16_FLOAT)
[segcap     34.500 info ]        +0 000002684F58EB40  rejected: no stencil plane (R16G16B16A16_FLOAT)
[segcap     34.500 info ]        +0 000002684F58F4D0  rejected: no stencil plane (R16G16B16A16_FLOAT)
[segcap     34.500 info ]        +0 000002684F58FE60  rejected: no stencil plane (R16G16B16A16_FLOAT)
[segcap     34.500 info ]        +0 000002684F5907F0  rejected: no stencil plane (R16G16B16A16_FLOAT)
[segcap     34.500 info ]        +0 000002684F5937C0  rejected: no stencil plane (other)
[segcap     34.500 info ]        +0 000002684FD90B80  rejected: no stencil plane (other)
[segcap     34.500 info ]        +0 000002684FD931C0  rejected: no stencil plane (R16G16B16A16_FLOAT)
[segcap     34.500 info ]        +0 00000268501540B0  rejected: no stencil plane (R16G16B16A16_FLOAT)
[segcap     34.500 info ]        +0 0000026850154A40  rejected: no stencil plane (R11G11B10_FLOAT)
[segcap     34.500 info ]        +0 00000268501566F0  rejected: no stencil plane (R16G16B16A16_FLOAT)
[segcap     34.500 info ]        +0 0000026850157080  rejected: no stencil plane (other)
[segcap     34.500 info ]        +0 0000026850157A10  rejected: no stencil plane (R11G11B10_FLOAT)
[segcap     34.500 info ]        +0 00000268501583A0  rejected: no stencil plane (R10G10B10A2_UNORM)
[segcap     34.500 info ]        +0 000002685015A050  rejected: no stencil plane (R11G11B10_FLOAT)
[segcap     34.500 info ]        +0 00000268501D4C20  rejected: no stencil plane (R11G11B10_FLOAT)
[segcap     34.500 info ]        +0 00000268765F5270  rejected: no stencil plane (R10G10B10A2_UNORM)
[segcap     34.500 info ]        +0 000002688B603B50  rejected: no stencil plane (other)
[segcap     34.500 info ]        +0 000002688B6B68A0  rejected: no stencil plane (R11G11B10_FLOAT)
[segcap     34.500 info ]        +0 000002688B6B7230  rejected: no stencil plane (R11G11B10_FLOAT)
[segcap     34.500 info ]        +0 000002688B6B7BC0  rejected: no stencil plane (R11G11B10_FLOAT)
[segcap     34.500 info ]        +0 000002688B6B9870  rejected: no stencil plane (R11G11B10_FLOAT)
[segcap     34.500 info ]        +0 000002688B6BA200  rejected: no stencil plane (other)
[segcap     34.500 info ]        +0 0000026896572F50  rejected: no stencil plane (R16G16B16A16_FLOAT)
[segcap     34.500 info ]        +0 0000026896575C80  rejected: no stencil plane (R16G16B16A16_FLOAT)
[segcap     34.500 info ]   ELECTED 000002684F23F0D0 (score 290)
[segcap     34.937 info ] ue4: PE candidate 64 -> 90 valid, 37946 invalid (rejected)
[segcap     34.984 info ] ue4: 6322 readable regions mapped
[segcap     36.515 info ] ue4: PE candidate 65 -> 0 valid, 0 invalid (rejected)
[segcap     36.562 info ] ue4: 6322 readable regions mapped
[segcap     38.094 info ] ue4: PE candidate 66 -> 0 valid, 29936 invalid (rejected)
[segcap     38.140 info ] ue4: 6322 readable regions mapped
[segcap     39.500 info ] --- frame 2101: 59 distinct targets observed, 0 descriptor misses ---
[segcap     39.500 info ]     readback submitted=2100 delivered=2099 dropped=0
[segcap     39.500 info ]   DS 000002684F510750 R32G8X24_TYPELESS      2560x1600 samples=1 binds=10 clears=2 depth=yes state=0x40
[segcap     39.500 info ]   DS 000002684F23F0D0 R32G8X24_TYPELESS      2560x1600 samples=1 binds=0 clears=1 depth=NO state=0x10
[segcap     39.500 info ]   DS 000002684EE56E10 R32G8X24_TYPELESS      2560x1600 samples=1 binds=10 clears=2 depth=yes state=0xE0
[segcap     39.500 info ]   election:
[segcap     39.500 info ]      +290 000002684F23F0D0  full-res + stencil; cleared but never bound => CustomDepth with no opt-ins; persistent (2100 frames); INCUMBENT
[segcap     39.500 info ]        +0 00000265AFCD5CD0  rejected: no stencil plane (R10G10B10A2_UNORM)
[segcap     39.500 info ]        +0 00000265AFCD6660  rejected: no stencil plane (R10G10B10A2_UNORM)
[segcap     39.500 info ]        +0 00000265AFCD8310  rejected: no stencil plane (R10G10B10A2_UNORM)
[segcap     39.500 info ]        +0 00000265B0A58D20  rejected: no stencil plane (other)
[segcap     39.500 info ]        +0 00000265B0A5F650  rejected: no stencil plane (R10G10B10A2_UNORM)
[segcap     39.500 info ]        +0 00000265B0A74A40  rejected: no stencil plane (R16G16B16A16_FLOAT)
[segcap     39.500 info ]        +0 000002684EAF8370  rejected: no stencil plane (R16G16B16A16_FLOAT)
[segcap     39.500 info ]        +0 000002684EAF8D00  rejected: no stencil plane (R16G16B16A16_FLOAT)
[segcap     39.500 info ]        +0 000002684EAF9690  rejected: no stencil plane (other)
[segcap     39.500 info ]        +0 000002684EAFA020  rejected: no stencil plane (other)
[segcap     39.500 info ]        +0 000002684EAFA9B0  rejected: no stencil plane (other)
[segcap     39.500 info ]        +0 000002684EB67520  rejected: no stencil plane (R11G11B10_FLOAT)
[segcap     39.500 info ]        +0 000002684ED941B0  rejected: no stencil plane (other)
[segcap     39.500 info ]        +0 000002684EE14EB0  rejected: no stencil plane (other)
[segcap     39.500 info ]        +0 000002684EE161D0  rejected: no stencil plane (other)
[segcap     39.500 info ]        +0 000002684EE174F0  rejected: no stencil plane (R11G11B10_FLOAT)
[segcap     39.500 info ]        +0 000002684EE56480  rejected: no stencil plane (other)
[segcap     39.500 info ]        +0 000002684EE56E10  rejected: MOST-BOUND (10 binds) => scene depth, stencil owned by UE4
[segcap     39.500 info ]        +0 000002684EE58130  rejected: no stencil plane (other)
[segcap     39.500 info ]        +0 000002684EF388F0  rejected: no stencil plane (other)
[segcap     39.500 info ]        +0 000002684EF39280  rejected: no stencil plane (R11G11B10_FLOAT)
[segcap     39.500 info ]        +0 000002684EF3AF30  rejected: no stencil plane (R11G11B10_FLOAT)
[segcap     39.500 info ]        +0 000002684EF3B8C0  rejected: no stencil plane (R16G16B16A16_FLOAT)
[segcap     39.500 info ]        +0 000002684EF3C250  rejected: no stencil plane (R11G11B10_FLOAT)
[segcap     39.500 info ]        +0 000002684EF3CBE0  rejected: no stencil plane (R11G11B10_FLOAT)
[segcap     39.500 info ]        +0 000002684EF3D570  rejected: no stencil plane (R11G11B10_FLOAT)
[segcap     39.500 info ]        +0 000002684EF3DF00  rejected: no stencil plane (R11G11B10_FLOAT)
[segcap     39.500 info ]        +0 000002684EF3E890  rejected: no stencil plane (R11G11B10_FLOAT)
[segcap     39.500 info ]        +0 000002684EF3F220  rejected: no stencil plane (R11G11B10_FLOAT)
[segcap     39.500 info ]        +0 000002684EF3FBB0  rejected: no stencil plane (R11G11B10_FLOAT)
[segcap     39.500 info ]        +0 000002684F23CA90  rejected: no stencil plane (other)
[segcap     39.500 info ]        +0 000002684F510750  rejected: MOST-BOUND (10 binds) => scene depth, stencil owned by UE4
[segcap     39.500 info ]        +0 000002684F58CE90  rejected: no stencil plane (R16G16B16A16_FLOAT)
[segcap     39.500 info ]        +0 000002684F58D820  rejected: no stencil plane (R16G16B16A16_FLOAT)
[segcap     39.500 info ]        +0 000002684F58EB40  rejected: no stencil plane (R16G16B16A16_FLOAT)
[segcap     39.500 info ]        +0 000002684F58F4D0  rejected: no stencil plane (R16G16B16A16_FLOAT)
[segcap     39.500 info ]        +0 000002684F58FE60  rejected: no stencil plane (R16G16B16A16_FLOAT)
[segcap     39.500 info ]        +0 000002684F5907F0  rejected: no stencil plane (R16G16B16A16_FLOAT)
[segcap     39.500 info ]        +0 000002684F5937C0  rejected: no stencil plane (other)
[segcap     39.500 info ]        +0 000002684FD90B80  rejected: no stencil plane (other)
[segcap     39.500 info ]        +0 000002684FD931C0  rejected: no stencil plane (R16G16B16A16_FLOAT)
[segcap     39.500 info ]        +0 00000268501540B0  rejected: no stencil plane (R16G16B16A16_FLOAT)
[segcap     39.500 info ]        +0 0000026850154A40  rejected: no stencil plane (R11G11B10_FLOAT)
[segcap     39.500 info ]        +0 00000268501566F0  rejected: no stencil plane (R16G16B16A16_FLOAT)
[segcap     39.500 info ]        +0 0000026850157080  rejected: no stencil plane (other)
[segcap     39.500 info ]        +0 0000026850157A10  rejected: no stencil plane (R11G11B10_FLOAT)
[segcap     39.500 info ]        +0 00000268501583A0  rejected: no stencil plane (R10G10B10A2_UNORM)
[segcap     39.500 info ]        +0 000002685015A050  rejected: no stencil plane (R11G11B10_FLOAT)
[segcap     39.500 info ]        +0 00000268501D4C20  rejected: no stencil plane (R11G11B10_FLOAT)
[segcap     39.500 info ]        +0 00000268765F5270  rejected: no stencil plane (R10G10B10A2_UNORM)
[segcap     39.500 info ]        +0 000002688B603B50  rejected: no stencil plane (other)
[segcap     39.500 info ]        +0 000002688B6B68A0  rejected: no stencil plane (R11G11B10_FLOAT)
[segcap     39.500 info ]        +0 000002688B6B7230  rejected: no stencil plane (R11G11B10_FLOAT)
[segcap     39.500 info ]        +0 000002688B6B7BC0  rejected: no stencil plane (R11G11B10_FLOAT)
[segcap     39.500 info ]        +0 000002688B6B9870  rejected: no stencil plane (R11G11B10_FLOAT)
[segcap     39.500 info ]        +0 000002688B6BA200  rejected: no stencil plane (other)
[segcap     39.500 info ]        +0 0000026896572F50  rejected: no stencil plane (R16G16B16A16_FLOAT)
[segcap     39.500 info ]        +0 0000026896575C80  rejected: no stencil plane (R16G16B16A16_FLOAT)
[segcap     39.500 info ]   ELECTED 000002684F23F0D0 (score 290)
[segcap     39.672 info ] ue4: PE candidate 67 -> 90 valid, 37685 invalid (rejected)
[segcap     39.719 info ] ue4: 6322 readable regions mapped
[segcap     41.250 info ] ue4: PE candidate 68 -> 1350 valid, 0 invalid ACCEPTED
[segcap     41.250 info ] ue4: ProcessEvent CONFIRMED at vtable index 68
[segcap     41.250 info ] ue4: game-thread execution point ready (vtable 68)
[segcap     41.250 info ] customdepth: MARK MODE ENABLED
[segcap     41.250 info ] ue4: >>> task executed on game thread 24268 <<<
[segcap     41.250 info ] customdepth: bRenderCustomDepth byte +0x216 mask 0x40 (packed bit)
[segcap     41.250 info ] customdepth: CustomDepthStencilValue +0x220 size 4
[segcap     41.250 info ] customdepth: SetRenderCustomDepth       UFunction = 00000265EF9E4B90
[segcap     41.250 info ] customdepth: SetCustomDepthStencilValue UFunction = 00000265EF9E2E50
[segcap     41.265 info ] customdepth: setter check -- byte 0x1B -> 0x5B, bit SET by the engine call
[segcap     41.265 info ] customdepth:   slot   1 -> CharacterMesh0 (SkeletalMeshComponent) idx=14550
[segcap     41.265 info ] customdepth:   slot   2 -> MeshComponent0 (StaticMeshComponent) idx=14616
[segcap     41.265 info ] customdepth:   slot   3 -> StaticMeshComponent0 (StaticMeshComponent) idx=14842
[segcap     41.265 info ] customdepth:   slot   4 -> SkeletalMeshComponent0 (SkeletalMeshComponent) idx=15372
[segcap     41.265 info ] customdepth:   slot   5 -> SplineMeshComponent0 (SplineMeshComponent) idx=15443
[segcap     41.265 info ] customdepth:   slot   6 -> StaticMeshComponent0 (StaticMeshComponent) idx=15446
[segcap     41.265 info ] customdepth:   slot   7 -> NewTextRenderComponent (TextRenderComponent) idx=15471
[segcap     41.265 info ] customdepth:   slot   8 -> VictoryInstancedMesh (InstancedStaticMeshComponent) idx=15557
[segcap     41.281 info ] customdepth: marked 267 primitives (attempted 267, verified 267, rejected 0)
[segcap     41.281 info ] customdepth: engine setter flipped the bit on 267/267 -- the UFunction calls ARE taking effect
[segcap     41.281 info ] customdepth: 267 primitives now render into CustomDepth with stencil ids 1..267
[segcap     41.297 info ] mask frame 2207 dumped (2560x1600 pitch=2560); distinct stencil values: 0 241 252 
[segcap     41.312 info ] mask frame 2208 dumped (2560x1600 pitch=2560); distinct stencil values: 0 241 252 
[segcap     44.500 info ] --- frame 2401: 59 distinct targets observed, 0 descriptor misses ---
[segcap     44.500 info ]     readback submitted=2400 delivered=2399 dropped=0
[segcap     44.500 info ]   DS 000002684F510750 R32G8X24_TYPELESS      2560x1600 samples=1 binds=10 clears=2 depth=yes state=0x40
[segcap     44.500 info ]   DS 000002684F23F0D0 R32G8X24_TYPELESS      2560x1600 samples=1 binds=1 clears=1 depth=yes state=0x10
[segcap     44.500 info ]   DS 000002684EE56E10 R32G8X24_TYPELESS      2560x1600 samples=1 binds=10 clears=2 depth=yes state=0xE0
[segcap     44.500 info ]   election:
[segcap     44.500 info ]      +300 000002684F23F0D0  full-res + stencil; few binds (1) => CustomDepth pass; persistent (2400 frames); INCUMBENT
[segcap     44.500 info ]        +0 00000265AFCD5CD0  rejected: no stencil plane (R10G10B10A2_UNORM)
[segcap     44.500 info ]        +0 00000265AFCD6660  rejected: no stencil plane (R10G10B10A2_UNORM)
[segcap     44.500 info ]        +0 00000265AFCD8310  rejected: no stencil plane (R10G10B10A2_UNORM)
[segcap     44.500 info ]        +0 00000265B0A58D20  rejected: no stencil plane (other)
[segcap     44.500 info ]        +0 00000265B0A5F650  rejected: no stencil plane (R10G10B10A2_UNORM)
[segcap     44.500 info ]        +0 00000265B0A74A40  rejected: no stencil plane (R16G16B16A16_FLOAT)
[segcap     44.500 info ]        +0 000002684EAF8370  rejected: no stencil plane (R16G16B16A16_FLOAT)
[segcap     44.500 info ]        +0 000002684EAF8D00  rejected: no stencil plane (R16G16B16A16_FLOAT)
[segcap     44.500 info ]        +0 000002684EAF9690  rejected: no stencil plane (other)
[segcap     44.500 info ]        +0 000002684EAFA020  rejected: no stencil plane (other)
[segcap     44.500 info ]        +0 000002684EAFA9B0  rejected: no stencil plane (other)
[segcap     44.500 info ]        +0 000002684EB67520  rejected: no stencil plane (R11G11B10_FLOAT)
[segcap     44.500 info ]        +0 000002684ED941B0  rejected: no stencil plane (other)
[segcap     44.500 info ]        +0 000002684EE14EB0  rejected: no stencil plane (other)
[segcap     44.500 info ]        +0 000002684EE161D0  rejected: no stencil plane (other)
[segcap     44.500 info ]        +0 000002684EE174F0  rejected: no stencil plane (R11G11B10_FLOAT)
[segcap     44.500 info ]        +0 000002684EE56480  rejected: no stencil plane (other)
[segcap     44.500 info ]        +0 000002684EE56E10  rejected: MOST-BOUND (10 binds) => scene depth, stencil owned by UE4
[segcap     44.500 info ]        +0 000002684EE58130  rejected: no stencil plane (other)
[segcap     44.500 info ]        +0 000002684EF388F0  rejected: no stencil plane (other)
[segcap     44.500 info ]        +0 000002684EF39280  rejected: no stencil plane (R11G11B10_FLOAT)
[segcap     44.500 info ]        +0 000002684EF3AF30  rejected: no stencil plane (R11G11B10_FLOAT)
[segcap     44.500 info ]        +0 000002684EF3B8C0  rejected: no stencil plane (R16G16B16A16_FLOAT)
[segcap     44.500 info ]        +0 000002684EF3C250  rejected: no stencil plane (R11G11B10_FLOAT)
[segcap     44.500 info ]        +0 000002684EF3CBE0  rejected: no stencil plane (R11G11B10_FLOAT)
[segcap     44.500 info ]        +0 000002684EF3D570  rejected: no stencil plane (R11G11B10_FLOAT)
[segcap     44.500 info ]        +0 000002684EF3DF00  rejected: no stencil plane (R11G11B10_FLOAT)
[segcap     44.500 info ]        +0 000002684EF3E890  rejected: no stencil plane (R11G11B10_FLOAT)
[segcap     44.500 info ]        +0 000002684EF3F220  rejected: no stencil plane (R11G11B10_FLOAT)
[segcap     44.500 info ]        +0 000002684EF3FBB0  rejected: no stencil plane (R11G11B10_FLOAT)
[segcap     44.500 info ]        +0 000002684F23CA90  rejected: no stencil plane (other)
[segcap     44.500 info ]        +0 000002684F510750  rejected: MOST-BOUND (10 binds) => scene depth, stencil owned by UE4
[segcap     44.500 info ]        +0 000002684F58CE90  rejected: no stencil plane (R16G16B16A16_FLOAT)
[segcap     44.500 info ]        +0 000002684F58D820  rejected: no stencil plane (R16G16B16A16_FLOAT)
[segcap     44.500 info ]        +0 000002684F58EB40  rejected: no stencil plane (R16G16B16A16_FLOAT)
[segcap     44.500 info ]        +0 000002684F58F4D0  rejected: no stencil plane (R16G16B16A16_FLOAT)
[segcap     44.500 info ]        +0 000002684F58FE60  rejected: no stencil plane (R16G16B16A16_FLOAT)
[segcap     44.500 info ]        +0 000002684F5907F0  rejected: no stencil plane (R16G16B16A16_FLOAT)
[segcap     44.500 info ]        +0 000002684F5937C0  rejected: no stencil plane (other)
[segcap     44.500 info ]        +0 000002684FD90B80  rejected: no stencil plane (other)
[segcap     44.500 info ]        +0 000002684FD931C0  rejected: no stencil plane (R16G16B16A16_FLOAT)
[segcap     44.500 info ]        +0 00000268501540B0  rejected: no stencil plane (R16G16B16A16_FLOAT)
[segcap     44.500 info ]        +0 0000026850154A40  rejected: no stencil plane (R11G11B10_FLOAT)
[segcap     44.500 info ]        +0 00000268501566F0  rejected: no stencil plane (R16G16B16A16_FLOAT)
[segcap     44.500 info ]        +0 0000026850157080  rejected: no stencil plane (other)
[segcap     44.500 info ]        +0 0000026850157A10  rejected: no stencil plane (R11G11B10_FLOAT)
[segcap     44.500 info ]        +0 00000268501583A0  rejected: no stencil plane (R10G10B10A2_UNORM)
[segcap     44.500 info ]        +0 000002685015A050  rejected: no stencil plane (R11G11B10_FLOAT)
[segcap     44.500 info ]        +0 00000268501D4C20  rejected: no stencil plane (R11G11B10_FLOAT)
[segcap     44.500 info ]        +0 00000268765F5270  rejected: no stencil plane (R10G10B10A2_UNORM)
[segcap     44.500 info ]        +0 000002688B603B50  rejected: no stencil plane (other)
[segcap     44.500 info ]        +0 000002688B6B68A0  rejected: no stencil plane (R11G11B10_FLOAT)
[segcap     44.500 info ]        +0 000002688B6B7230  rejected: no stencil plane (R11G11B10_FLOAT)
[segcap     44.500 info ]        +0 000002688B6B7BC0  rejected: no stencil plane (R11G11B10_FLOAT)
[segcap     44.500 info ]        +0 000002688B6B9870  rejected: no stencil plane (R11G11B10_FLOAT)
[segcap     44.500 info ]        +0 000002688B6BA200  rejected: no stencil plane (other)
[segcap     44.500 info ]        +0 0000026896572F50  rejected: no stencil plane (R16G16B16A16_FLOAT)
[segcap     44.500 info ]        +0 0000026896575C80  rejected: no stencil plane (R16G16B16A16_FLOAT)
[segcap     44.500 info ]   ELECTED 000002684F23F0D0 (score 300)
[segcap     49.500 info ] --- frame 2701: 59 distinct targets observed, 0 descriptor misses ---
[segcap     49.500 info ]     readback submitted=2700 delivered=2699 dropped=0
[segcap     49.500 info ]   DS 000002684F510750 R32G8X24_TYPELESS      2560x1600 samples=1 binds=10 clears=2 depth=yes state=0x40
[segcap     49.500 info ]   DS 000002684F23F0D0 R32G8X24_TYPELESS      2560x1600 samples=1 binds=1 clears=1 depth=yes state=0x10
[segcap     49.500 info ]   DS 000002684EE56E10 R32G8X24_TYPELESS      2560x1600 samples=1 binds=10 clears=2 depth=yes state=0xE0
[segcap     49.500 info ]   election:
[segcap     49.500 info ]      +300 000002684F23F0D0  full-res + stencil; few binds (1) => CustomDepth pass; persistent (2700 frames); INCUMBENT
[segcap     49.500 info ]        +0 00000265AFCD5CD0  rejected: no stencil plane (R10G10B10A2_UNORM)
[segcap     49.500 info ]        +0 00000265AFCD6660  rejected: no stencil plane (R10G10B10A2_UNORM)
[segcap     49.500 info ]        +0 00000265AFCD8310  rejected: no stencil plane (R10G10B10A2_UNORM)
[segcap     49.500 info ]        +0 00000265B0A58D20  rejected: no stencil plane (other)
[segcap     49.500 info ]        +0 00000265B0A5F650  rejected: no stencil plane (R10G10B10A2_UNORM)
[segcap     49.500 info ]        +0 00000265B0A74A40  rejected: no stencil plane (R16G16B16A16_FLOAT)
[segcap     49.500 info ]        +0 000002684EAF8370  rejected: no stencil plane (R16G16B16A16_FLOAT)
[segcap     49.500 info ]        +0 000002684EAF8D00  rejected: no stencil plane (R16G16B16A16_FLOAT)
[segcap     49.500 info ]        +0 000002684EAF9690  rejected: no stencil plane (other)
[segcap     49.500 info ]        +0 000002684EAFA020  rejected: no stencil plane (other)
[segcap     49.500 info ]        +0 000002684EAFA9B0  rejected: no stencil plane (other)
[segcap     49.500 info ]        +0 000002684EB67520  rejected: no stencil plane (R11G11B10_FLOAT)
[segcap     49.500 info ]        +0 000002684ED941B0  rejected: no stencil plane (other)
[segcap     49.500 info ]        +0 000002684EE14EB0  rejected: no stencil plane (other)
[segcap     49.500 info ]        +0 000002684EE161D0  rejected: no stencil plane (other)
[segcap     49.500 info ]        +0 000002684EE174F0  rejected: no stencil plane (R11G11B10_FLOAT)
[segcap     49.500 info ]        +0 000002684EE56480  rejected: no stencil plane (other)
[segcap     49.500 info ]        +0 000002684EE56E10  rejected: MOST-BOUND (10 binds) => scene depth, stencil owned by UE4
[segcap     49.500 info ]        +0 000002684EE58130  rejected: no stencil plane (other)
[segcap     49.500 info ]        +0 000002684EF388F0  rejected: no stencil plane (other)
[segcap     49.500 info ]        +0 000002684EF39280  rejected: no stencil plane (R11G11B10_FLOAT)
[segcap     49.500 info ]        +0 000002684EF3AF30  rejected: no stencil plane (R11G11B10_FLOAT)
[segcap     49.500 info ]        +0 000002684EF3B8C0  rejected: no stencil plane (R16G16B16A16_FLOAT)
[segcap     49.500 info ]        +0 000002684EF3C250  rejected: no stencil plane (R11G11B10_FLOAT)
[segcap     49.500 info ]        +0 000002684EF3CBE0  rejected: no stencil plane (R11G11B10_FLOAT)
[segcap     49.500 info ]        +0 000002684EF3D570  rejected: no stencil plane (R11G11B10_FLOAT)
[segcap     49.500 info ]        +0 000002684EF3DF00  rejected: no stencil plane (R11G11B10_FLOAT)
[segcap     49.500 info ]        +0 000002684EF3E890  rejected: no stencil plane (R11G11B10_FLOAT)
[segcap     49.500 info ]        +0 000002684EF3F220  rejected: no stencil plane (R11G11B10_FLOAT)
[segcap     49.500 info ]        +0 000002684EF3FBB0  rejected: no stencil plane (R11G11B10_FLOAT)
[segcap     49.500 info ]        +0 000002684F23CA90  rejected: no stencil plane (other)
[segcap     49.500 info ]        +0 000002684F510750  rejected: MOST-BOUND (10 binds) => scene depth, stencil owned by UE4
[segcap     49.500 info ]        +0 000002684F58CE90  rejected: no stencil plane (R16G16B16A16_FLOAT)
[segcap     49.500 info ]        +0 000002684F58D820  rejected: no stencil plane (R16G16B16A16_FLOAT)
[segcap     49.500 info ]        +0 000002684F58EB40  rejected: no stencil plane (R16G16B16A16_FLOAT)
[segcap     49.500 info ]        +0 000002684F58F4D0  rejected: no stencil plane (R16G16B16A16_FLOAT)
[segcap     49.500 info ]        +0 000002684F58FE60  rejected: no stencil plane (R16G16B16A16_FLOAT)
[segcap     49.500 info ]        +0 000002684F5907F0  rejected: no stencil plane (R16G16B16A16_FLOAT)
[segcap     49.500 info ]        +0 000002684F5937C0  rejected: no stencil plane (other)
[segcap     49.500 info ]        +0 000002684FD90B80  rejected: no stencil plane (other)
[segcap     49.500 info ]        +0 000002684FD931C0  rejected: no stencil plane (R16G16B16A16_FLOAT)
[segcap     49.500 info ]        +0 00000268501540B0  rejected: no stencil plane (R16G16B16A16_FLOAT)
[segcap     49.500 info ]        +0 0000026850154A40  rejected: no stencil plane (R11G11B10_FLOAT)
[segcap     49.500 info ]        +0 00000268501566F0  rejected: no stencil plane (R16G16B16A16_FLOAT)
[segcap     49.500 info ]        +0 0000026850157080  rejected: no stencil plane (other)
[segcap     49.500 info ]        +0 0000026850157A10  rejected: no stencil plane (R11G11B10_FLOAT)
[segcap     49.500 info ]        +0 00000268501583A0  rejected: no stencil plane (R10G10B10A2_UNORM)
[segcap     49.500 info ]        +0 000002685015A050  rejected: no stencil plane (R11G11B10_FLOAT)
[segcap     49.500 info ]        +0 00000268501D4C20  rejected: no stencil plane (R11G11B10_FLOAT)
[segcap     49.500 info ]        +0 00000268765F5270  rejected: no stencil plane (R10G10B10A2_UNORM)
[segcap     49.500 info ]        +0 000002688B603B50  rejected: no stencil plane (other)
[segcap     49.500 info ]        +0 000002688B6B68A0  rejected: no stencil plane (R11G11B10_FLOAT)
[segcap     49.500 info ]        +0 000002688B6B7230  rejected: no stencil plane (R11G11B10_FLOAT)
[segcap     49.500 info ]        +0 000002688B6B7BC0  rejected: no stencil plane (R11G11B10_FLOAT)
[segcap     49.500 info ]        +0 000002688B6B9870  rejected: no stencil plane (R11G11B10_FLOAT)
[segcap     49.500 info ]        +0 000002688B6BA200  rejected: no stencil plane (other)
[segcap     49.500 info ]        +0 0000026896572F50  rejected: no stencil plane (R16G16B16A16_FLOAT)
[segcap     49.500 info ]        +0 0000026896575C80  rejected: no stencil plane (R16G16B16A16_FLOAT)
[segcap     49.500 info ]   ELECTED 000002684F23F0D0 (score 300)
[segcap     54.500 info ] --- frame 3001: 59 distinct targets observed, 0 descriptor misses ---
[segcap     54.500 info ]     readback submitted=3000 delivered=2999 dropped=0
[segcap     54.500 info ]   DS 000002684F510750 R32G8X24_TYPELESS      2560x1600 samples=1 binds=10 clears=2 depth=yes state=0x40
[segcap     54.500 info ]   DS 000002684F23F0D0 R32G8X24_TYPELESS      2560x1600 samples=1 binds=1 clears=1 depth=yes state=0x10
[segcap     54.500 info ]   DS 000002684EE56E10 R32G8X24_TYPELESS      2560x1600 samples=1 binds=10 clears=2 depth=yes state=0xE0
[segcap     54.500 info ]   election:
[segcap     54.500 info ]      +300 000002684F23F0D0  full-res + stencil; few binds (1) => CustomDepth pass; persistent (3000 frames); INCUMBENT
[segcap     54.500 info ]        +0 00000265AFCD5CD0  rejected: no stencil plane (R10G10B10A2_UNORM)
[segcap     54.500 info ]        +0 00000265AFCD6660  rejected: no stencil plane (R10G10B10A2_UNORM)
[segcap     54.500 info ]        +0 00000265AFCD8310  rejected: no stencil plane (R10G10B10A2_UNORM)
[segcap     54.500 info ]        +0 00000265B0A58D20  rejected: no stencil plane (other)
[segcap     54.500 info ]        +0 00000265B0A5F650  rejected: no stencil plane (R10G10B10A2_UNORM)
[segcap     54.500 info ]        +0 00000265B0A74A40  rejected: no stencil plane (R16G16B16A16_FLOAT)
[segcap     54.500 info ]        +0 000002684EAF8370  rejected: no stencil plane (R16G16B16A16_FLOAT)
[segcap     54.500 info ]        +0 000002684EAF8D00  rejected: no stencil plane (R16G16B16A16_FLOAT)
[segcap     54.500 info ]        +0 000002684EAF9690  rejected: no stencil plane (other)
[segcap     54.500 info ]        +0 000002684EAFA020  rejected: no stencil plane (other)
[segcap     54.500 info ]        +0 000002684EAFA9B0  rejected: no stencil plane (other)
[segcap     54.500 info ]        +0 000002684EB67520  rejected: no stencil plane (R11G11B10_FLOAT)
[segcap     54.500 info ]        +0 000002684ED941B0  rejected: no stencil plane (other)
[segcap     54.500 info ]        +0 000002684EE14EB0  rejected: no stencil plane (other)
[segcap     54.500 info ]        +0 000002684EE161D0  rejected: no stencil plane (other)
[segcap     54.500 info ]        +0 000002684EE174F0  rejected: no stencil plane (R11G11B10_FLOAT)
[segcap     54.500 info ]        +0 000002684EE56480  rejected: no stencil plane (other)
[segcap     54.500 info ]        +0 000002684EE56E10  rejected: MOST-BOUND (10 binds) => scene depth, stencil owned by UE4
[segcap     54.500 info ]        +0 000002684EE58130  rejected: no stencil plane (other)
[segcap     54.500 info ]        +0 000002684EF388F0  rejected: no stencil plane (other)
[segcap     54.500 info ]        +0 000002684EF39280  rejected: no stencil plane (R11G11B10_FLOAT)
[segcap     54.500 info ]        +0 000002684EF3AF30  rejected: no stencil plane (R11G11B10_FLOAT)
[segcap     54.500 info ]        +0 000002684EF3B8C0  rejected: no stencil plane (R16G16B16A16_FLOAT)
[segcap     54.500 info ]        +0 000002684EF3C250  rejected: no stencil plane (R11G11B10_FLOAT)
[segcap     54.500 info ]        +0 000002684EF3CBE0  rejected: no stencil plane (R11G11B10_FLOAT)
[segcap     54.500 info ]        +0 000002684EF3D570  rejected: no stencil plane (R11G11B10_FLOAT)
[segcap     54.500 info ]        +0 000002684EF3DF00  rejected: no stencil plane (R11G11B10_FLOAT)
[segcap     54.500 info ]        +0 000002684EF3E890  rejected: no stencil plane (R11G11B10_FLOAT)
[segcap     54.500 info ]        +0 000002684EF3F220  rejected: no stencil plane (R11G11B10_FLOAT)
[segcap     54.500 info ]        +0 000002684EF3FBB0  rejected: no stencil plane (R11G11B10_FLOAT)
[segcap     54.500 info ]        +0 000002684F23CA90  rejected: no stencil plane (other)
[segcap     54.500 info ]        +0 000002684F510750  rejected: MOST-BOUND (10 binds) => scene depth, stencil owned by UE4
[segcap     54.500 info ]        +0 000002684F58CE90  rejected: no stencil plane (R16G16B16A16_FLOAT)
[segcap     54.500 info ]        +0 000002684F58D820  rejected: no stencil plane (R16G16B16A16_FLOAT)
[segcap     54.500 info ]        +0 000002684F58EB40  rejected: no stencil plane (R16G16B16A16_FLOAT)
[segcap     54.500 info ]        +0 000002684F58F4D0  rejected: no stencil plane (R16G16B16A16_FLOAT)
[segcap     54.500 info ]        +0 000002684F58FE60  rejected: no stencil plane (R16G16B16A16_FLOAT)
[segcap     54.500 info ]        +0 000002684F5907F0  rejected: no stencil plane (R16G16B16A16_FLOAT)
[segcap     54.500 info ]        +0 000002684F5937C0  rejected: no stencil plane (other)
[segcap     54.500 info ]        +0 000002684FD90B80  rejected: no stencil plane (other)
[segcap     54.500 info ]        +0 000002684FD931C0  rejected: no stencil plane (R16G16B16A16_FLOAT)
[segcap     54.500 info ]        +0 00000268501540B0  rejected: no stencil plane (R16G16B16A16_FLOAT)
[segcap     54.500 info ]        +0 0000026850154A40  rejected: no stencil plane (R11G11B10_FLOAT)
[segcap     54.500 info ]        +0 00000268501566F0  rejected: no stencil plane (R16G16B16A16_FLOAT)
[segcap     54.500 info ]        +0 0000026850157080  rejected: no stencil plane (other)
[segcap     54.500 info ]        +0 0000026850157A10  rejected: no stencil plane (R11G11B10_FLOAT)
[segcap     54.500 info ]        +0 00000268501583A0  rejected: no stencil plane (R10G10B10A2_UNORM)
[segcap     54.500 info ]        +0 000002685015A050  rejected: no stencil plane (R11G11B10_FLOAT)
[segcap     54.500 info ]        +0 00000268501D4C20  rejected: no stencil plane (R11G11B10_FLOAT)
[segcap     54.500 info ]        +0 00000268765F5270  rejected: no stencil plane (R10G10B10A2_UNORM)
[segcap     54.500 info ]        +0 000002688B603B50  rejected: no stencil plane (other)
[segcap     54.500 info ]        +0 000002688B6B68A0  rejected: no stencil plane (R11G11B10_FLOAT)
[segcap     54.500 info ]        +0 000002688B6B7230  rejected: no stencil plane (R11G11B10_FLOAT)
[segcap     54.500 info ]        +0 000002688B6B7BC0  rejected: no stencil plane (R11G11B10_FLOAT)
[segcap     54.500 info ]        +0 000002688B6B9870  rejected: no stencil plane (R11G11B10_FLOAT)
[segcap     54.500 info ]        +0 000002688B6BA200  rejected: no stencil plane (other)
[segcap     54.500 info ]        +0 0000026896572F50  rejected: no stencil plane (R16G16B16A16_FLOAT)
[segcap     54.500 info ]        +0 0000026896575C80  rejected: no stencil plane (R16G16B16A16_FLOAT)
[segcap     54.500 info ]   ELECTED 000002684F23F0D0 (score 300)
[segcap     59.500 info ] --- frame 3301: 59 distinct targets observed, 0 descriptor misses ---
[segcap     59.500 info ]     readback submitted=3300 delivered=3299 dropped=0
[segcap     59.500 info ]   DS 000002684F510750 R32G8X24_TYPELESS      2560x1600 samples=1 binds=11 clears=2 depth=yes state=0x40
[segcap     59.500 info ]   DS 000002684F23F0D0 R32G8X24_TYPELESS      2560x1600 samples=1 binds=1 clears=1 depth=yes state=0x10
[segcap     59.500 info ]   DS 000002684EE56E10 R32G8X24_TYPELESS      2560x1600 samples=1 binds=11 clears=2 depth=yes state=0xE0
[segcap     59.500 info ]   election:
[segcap     59.500 info ]      +300 000002684F23F0D0  full-res + stencil; few binds (1) => CustomDepth pass; persistent (3300 frames); INCUMBENT
[segcap     59.500 info ]        +0 00000265AFCD5CD0  rejected: no stencil plane (R10G10B10A2_UNORM)
[segcap     59.500 info ]        +0 00000265AFCD6660  rejected: no stencil plane (R10G10B10A2_UNORM)
[segcap     59.500 info ]        +0 00000265AFCD8310  rejected: no stencil plane (R10G10B10A2_UNORM)
[segcap     59.500 info ]        +0 00000265B0A58D20  rejected: no stencil plane (other)
[segcap     59.500 info ]        +0 00000265B0A5F650  rejected: no stencil plane (R10G10B10A2_UNORM)
[segcap     59.500 info ]        +0 00000265B0A74A40  rejected: no stencil plane (R16G16B16A16_FLOAT)
[segcap     59.500 info ]        +0 000002684EAF8370  rejected: no stencil plane (R16G16B16A16_FLOAT)
[segcap     59.500 info ]        +0 000002684EAF8D00  rejected: no stencil plane (R16G16B16A16_FLOAT)
[segcap     59.500 info ]        +0 000002684EAF9690  rejected: no stencil plane (other)
[segcap     59.500 info ]        +0 000002684EAFA020  rejected: no stencil plane (other)
[segcap     59.500 info ]        +0 000002684EAFA9B0  rejected: no stencil plane (other)
[segcap     59.500 info ]        +0 000002684EB67520  rejected: no stencil plane (R11G11B10_FLOAT)
[segcap     59.500 info ]        +0 000002684ED941B0  rejected: no stencil plane (other)
[segcap     59.500 info ]        +0 000002684EE14EB0  rejected: no stencil plane (other)
[segcap     59.500 info ]        +0 000002684EE161D0  rejected: no stencil plane (other)
[segcap     59.500 info ]        +0 000002684EE174F0  rejected: no stencil plane (R11G11B10_FLOAT)
[segcap     59.500 info ]        +0 000002684EE56480  rejected: no stencil plane (other)
[segcap     59.500 info ]        +0 000002684EE56E10  rejected: MOST-BOUND (11 binds) => scene depth, stencil owned by UE4
[segcap     59.500 info ]        +0 000002684EE58130  rejected: no stencil plane (other)
[segcap     59.500 info ]        +0 000002684EF388F0  rejected: no stencil plane (other)
[segcap     59.500 info ]        +0 000002684EF39280  rejected: no stencil plane (R11G11B10_FLOAT)
[segcap     59.500 info ]        +0 000002684EF3AF30  rejected: no stencil plane (R11G11B10_FLOAT)
[segcap     59.500 info ]        +0 000002684EF3B8C0  rejected: no stencil plane (R16G16B16A16_FLOAT)
[segcap     59.500 info ]        +0 000002684EF3C250  rejected: no stencil plane (R11G11B10_FLOAT)
[segcap     59.500 info ]        +0 000002684EF3CBE0  rejected: no stencil plane (R11G11B10_FLOAT)
[segcap     59.500 info ]        +0 000002684EF3D570  rejected: no stencil plane (R11G11B10_FLOAT)
[segcap     59.500 info ]        +0 000002684EF3DF00  rejected: no stencil plane (R11G11B10_FLOAT)
[segcap     59.500 info ]        +0 000002684EF3E890  rejected: no stencil plane (R11G11B10_FLOAT)
[segcap     59.500 info ]        +0 000002684EF3F220  rejected: no stencil plane (R11G11B10_FLOAT)
[segcap     59.500 info ]        +0 000002684EF3FBB0  rejected: no stencil plane (R11G11B10_FLOAT)
[segcap     59.500 info ]        +0 000002684F23CA90  rejected: no stencil plane (other)
[segcap     59.500 info ]        +0 000002684F510750  rejected: MOST-BOUND (11 binds) => scene depth, stencil owned by UE4
[segcap     59.500 info ]        +0 000002684F58CE90  rejected: no stencil plane (R16G16B16A16_FLOAT)
[segcap     59.500 info ]        +0 000002684F58D820  rejected: no stencil plane (R16G16B16A16_FLOAT)
[segcap     59.500 info ]        +0 000002684F58EB40  rejected: no stencil plane (R16G16B16A16_FLOAT)
[segcap     59.500 info ]        +0 000002684F58F4D0  rejected: no stencil plane (R16G16B16A16_FLOAT)
[segcap     59.500 info ]        +0 000002684F58FE60  rejected: no stencil plane (R16G16B16A16_FLOAT)
[segcap     59.500 info ]        +0 000002684F5907F0  rejected: no stencil plane (R16G16B16A16_FLOAT)
[segcap     59.500 info ]        +0 000002684F5937C0  rejected: no stencil plane (other)
[segcap     59.500 info ]        +0 000002684FD90B80  rejected: no stencil plane (other)
[segcap     59.500 info ]        +0 000002684FD931C0  rejected: no stencil plane (R16G16B16A16_FLOAT)
[segcap     59.500 info ]        +0 00000268501540B0  rejected: no stencil plane (R16G16B16A16_FLOAT)
[segcap     59.500 info ]        +0 0000026850154A40  rejected: no stencil plane (R11G11B10_FLOAT)
[segcap     59.500 info ]        +0 00000268501566F0  rejected: no stencil plane (R16G16B16A16_FLOAT)
[segcap     59.500 info ]        +0 0000026850157080  rejected: no stencil plane (other)
[segcap     59.500 info ]        +0 0000026850157A10  rejected: no stencil plane (R11G11B10_FLOAT)
[segcap     59.500 info ]        +0 00000268501583A0  rejected: no stencil plane (R10G10B10A2_UNORM)
[segcap     59.500 info ]        +0 000002685015A050  rejected: no stencil plane (R11G11B10_FLOAT)
[segcap     59.500 info ]        +0 00000268501D4C20  rejected: no stencil plane (R11G11B10_FLOAT)
[segcap     59.500 info ]        +0 00000268765F5270  rejected: no stencil plane (R10G10B10A2_UNORM)
[segcap     59.500 info ]        +0 000002688B603B50  rejected: no stencil plane (other)
[segcap     59.500 info ]        +0 000002688B6B68A0  rejected: no stencil plane (R11G11B10_FLOAT)
[segcap     59.500 info ]        +0 000002688B6B7230  rejected: no stencil plane (R11G11B10_FLOAT)
[segcap     59.500 info ]        +0 000002688B6B7BC0  rejected: no stencil plane (R11G11B10_FLOAT)
[segcap     59.500 info ]        +0 000002688B6B9870  rejected: no stencil plane (R11G11B10_FLOAT)
[segcap     59.500 info ]        +0 000002688B6BA200  rejected: no stencil plane (other)
[segcap     59.500 info ]        +0 0000026896572F50  rejected: no stencil plane (R16G16B16A16_FLOAT)
[segcap     59.500 info ]        +0 0000026896575C80  rejected: no stencil plane (R16G16B16A16_FLOAT)
[segcap     59.500 info ]   ELECTED 000002684F23F0D0 (score 300)
[segcap     64.500 info ] --- frame 3601: 59 distinct targets observed, 0 descriptor misses ---
[segcap     64.500 info ]     readback submitted=3600 delivered=3599 dropped=0
[segcap     64.500 info ]   DS 000002684F510750 R32G8X24_TYPELESS      2560x1600 samples=1 binds=11 clears=2 depth=yes state=0x40
[segcap     64.500 info ]   DS 000002684F23F0D0 R32G8X24_TYPELESS      2560x1600 samples=1 binds=1 clears=1 depth=yes state=0x10
[segcap     64.500 info ]   DS 000002684EE56E10 R32G8X24_TYPELESS      2560x1600 samples=1 binds=11 clears=2 depth=yes state=0xE0
[segcap     64.500 info ]   election:
[segcap     64.500 info ]      +300 000002684F23F0D0  full-res + stencil; few binds (1) => CustomDepth pass; persistent (3600 frames); INCUMBENT
[segcap     64.500 info ]        +0 00000265AFCD5CD0  rejected: no stencil plane (R10G10B10A2_UNORM)
[segcap     64.500 info ]        +0 00000265AFCD6660  rejected: no stencil plane (R10G10B10A2_UNORM)
[segcap     64.500 info ]        +0 00000265AFCD8310  rejected: no stencil plane (R10G10B10A2_UNORM)
[segcap     64.500 info ]        +0 00000265B0A58D20  rejected: no stencil plane (other)
[segcap     64.500 info ]        +0 00000265B0A5F650  rejected: no stencil plane (R10G10B10A2_UNORM)
[segcap     64.500 info ]        +0 00000265B0A74A40  rejected: no stencil plane (R16G16B16A16_FLOAT)
[segcap     64.500 info ]        +0 000002684EAF8370  rejected: no stencil plane (R16G16B16A16_FLOAT)
[segcap     64.500 info ]        +0 000002684EAF8D00  rejected: no stencil plane (R16G16B16A16_FLOAT)
[segcap     64.500 info ]        +0 000002684EAF9690  rejected: no stencil plane (other)
[segcap     64.500 info ]        +0 000002684EAFA020  rejected: no stencil plane (other)
[segcap     64.500 info ]        +0 000002684EAFA9B0  rejected: no stencil plane (other)
[segcap     64.500 info ]        +0 000002684EB67520  rejected: no stencil plane (R11G11B10_FLOAT)
[segcap     64.500 info ]        +0 000002684ED941B0  rejected: no stencil plane (other)
[segcap     64.500 info ]        +0 000002684EE14EB0  rejected: no stencil plane (other)
[segcap     64.500 info ]        +0 000002684EE161D0  rejected: no stencil plane (other)
[segcap     64.500 info ]        +0 000002684EE174F0  rejected: no stencil plane (R11G11B10_FLOAT)
[segcap     64.500 info ]        +0 000002684EE56480  rejected: no stencil plane (other)
[segcap     64.500 info ]        +0 000002684EE56E10  rejected: MOST-BOUND (11 binds) => scene depth, stencil owned by UE4
[segcap     64.500 info ]        +0 000002684EE58130  rejected: no stencil plane (other)
[segcap     64.500 info ]        +0 000002684EF388F0  rejected: no stencil plane (other)
[segcap     64.500 info ]        +0 000002684EF39280  rejected: no stencil plane (R11G11B10_FLOAT)
[segcap     64.500 info ]        +0 000002684EF3AF30  rejected: no stencil plane (R11G11B10_FLOAT)
[segcap     64.500 info ]        +0 000002684EF3B8C0  rejected: no stencil plane (R16G16B16A16_FLOAT)
[segcap     64.500 info ]        +0 000002684EF3C250  rejected: no stencil plane (R11G11B10_FLOAT)
[segcap     64.500 info ]        +0 000002684EF3CBE0  rejected: no stencil plane (R11G11B10_FLOAT)
[segcap     64.500 info ]        +0 000002684EF3D570  rejected: no stencil plane (R11G11B10_FLOAT)
[segcap     64.500 info ]        +0 000002684EF3DF00  rejected: no stencil plane (R11G11B10_FLOAT)
[segcap     64.500 info ]        +0 000002684EF3E890  rejected: no stencil plane (R11G11B10_FLOAT)
[segcap     64.500 info ]        +0 000002684EF3F220  rejected: no stencil plane (R11G11B10_FLOAT)
[segcap     64.500 info ]        +0 000002684EF3FBB0  rejected: no stencil plane (R11G11B10_FLOAT)
[segcap     64.500 info ]        +0 000002684F23CA90  rejected: no stencil plane (other)
[segcap     64.500 info ]        +0 000002684F510750  rejected: MOST-BOUND (11 binds) => scene depth, stencil owned by UE4
[segcap     64.500 info ]        +0 000002684F58CE90  rejected: no stencil plane (R16G16B16A16_FLOAT)
[segcap     64.500 info ]        +0 000002684F58D820  rejected: no stencil plane (R16G16B16A16_FLOAT)
[segcap     64.500 info ]        +0 000002684F58EB40  rejected: no stencil plane (R16G16B16A16_FLOAT)
[segcap     64.500 info ]        +0 000002684F58F4D0  rejected: no stencil plane (R16G16B16A16_FLOAT)
[segcap     64.500 info ]        +0 000002684F58FE60  rejected: no stencil plane (R16G16B16A16_FLOAT)
[segcap     64.500 info ]        +0 000002684F5907F0  rejected: no stencil plane (R16G16B16A16_FLOAT)
[segcap     64.500 info ]        +0 000002684F5937C0  rejected: no stencil plane (other)
[segcap     64.500 info ]        +0 000002684FD90B80  rejected: no stencil plane (other)
[segcap     64.500 info ]        +0 000002684FD931C0  rejected: no stencil plane (R16G16B16A16_FLOAT)
[segcap     64.500 info ]        +0 00000268501540B0  rejected: no stencil plane (R16G16B16A16_FLOAT)
[segcap     64.500 info ]        +0 0000026850154A40  rejected: no stencil plane (R11G11B10_FLOAT)
[segcap     64.500 info ]        +0 00000268501566F0  rejected: no stencil plane (R16G16B16A16_FLOAT)
[segcap     64.500 info ]        +0 0000026850157080  rejected: no stencil plane (other)
[segcap     64.500 info ]        +0 0000026850157A10  rejected: no stencil plane (R11G11B10_FLOAT)
[segcap     64.500 info ]        +0 00000268501583A0  rejected: no stencil plane (R10G10B10A2_UNORM)
[segcap     64.500 info ]        +0 000002685015A050  rejected: no stencil plane (R11G11B10_FLOAT)
[segcap     64.500 info ]        +0 00000268501D4C20  rejected: no stencil plane (R11G11B10_FLOAT)
[segcap     64.500 info ]        +0 00000268765F5270  rejected: no stencil plane (R10G10B10A2_UNORM)
[segcap     64.500 info ]        +0 000002688B603B50  rejected: no stencil plane (other)
[segcap     64.500 info ]        +0 000002688B6B68A0  rejected: no stencil plane (R11G11B10_FLOAT)
[segcap     64.500 info ]        +0 000002688B6B7230  rejected: no stencil plane (R11G11B10_FLOAT)
[segcap     64.500 info ]        +0 000002688B6B7BC0  rejected: no stencil plane (R11G11B10_FLOAT)
[segcap     64.500 info ]        +0 000002688B6B9870  rejected: no stencil plane (R11G11B10_FLOAT)
[segcap     64.500 info ]        +0 000002688B6BA200  rejected: no stencil plane (other)
[segcap     64.500 info ]        +0 0000026896572F50  rejected: no stencil plane (R16G16B16A16_FLOAT)
[segcap     64.500 info ]        +0 0000026896575C80  rejected: no stencil plane (R16G16B16A16_FLOAT)
[segcap     64.500 info ]   ELECTED 000002684F23F0D0 (score 300)
[segcap     69.500 info ] --- frame 3901: 59 distinct targets observed, 0 descriptor misses ---
[segcap     69.500 info ]     readback submitted=3900 delivered=3899 dropped=0
[segcap     69.500 info ]   DS 000002684F510750 R32G8X24_TYPELESS      2560x1600 samples=1 binds=11 clears=2 depth=yes state=0x40
[segcap     69.500 info ]   DS 000002684F23F0D0 R32G8X24_TYPELESS      2560x1600 samples=1 binds=1 clears=1 depth=yes state=0x10
[segcap     69.500 info ]   DS 000002684EE56E10 R32G8X24_TYPELESS      2560x1600 samples=1 binds=11 clears=2 depth=yes state=0xE0
[segcap     69.500 info ]   election:
[segcap     69.500 info ]      +300 000002684F23F0D0  full-res + stencil; few binds (1) => CustomDepth pass; persistent (3900 frames); INCUMBENT
[segcap     69.500 info ]        +0 00000265AFCD5CD0  rejected: no stencil plane (R10G10B10A2_UNORM)
[segcap     69.500 info ]        +0 00000265AFCD6660  rejected: no stencil plane (R10G10B10A2_UNORM)
[segcap     69.500 info ]        +0 00000265AFCD8310  rejected: no stencil plane (R10G10B10A2_UNORM)
[segcap     69.500 info ]        +0 00000265B0A58D20  rejected: no stencil plane (other)
[segcap     69.500 info ]        +0 00000265B0A5F650  rejected: no stencil plane (R10G10B10A2_UNORM)
[segcap     69.500 info ]        +0 00000265B0A74A40  rejected: no stencil plane (R16G16B16A16_FLOAT)
[segcap     69.500 info ]        +0 000002684EAF8370  rejected: no stencil plane (R16G16B16A16_FLOAT)
[segcap     69.500 info ]        +0 000002684EAF8D00  rejected: no stencil plane (R16G16B16A16_FLOAT)
[segcap     69.500 info ]        +0 000002684EAF9690  rejected: no stencil plane (other)
[segcap     69.500 info ]        +0 000002684EAFA020  rejected: no stencil plane (other)
[segcap     69.500 info ]        +0 000002684EAFA9B0  rejected: no stencil plane (other)
[segcap     69.500 info ]        +0 000002684EB67520  rejected: no stencil plane (R11G11B10_FLOAT)
[segcap     69.500 info ]        +0 000002684ED941B0  rejected: no stencil plane (other)
[segcap     69.500 info ]        +0 000002684EE14EB0  rejected: no stencil plane (other)
[segcap     69.500 info ]        +0 000002684EE161D0  rejected: no stencil plane (other)
[segcap     69.500 info ]        +0 000002684EE174F0  rejected: no stencil plane (R11G11B10_FLOAT)
[segcap     69.500 info ]        +0 000002684EE56480  rejected: no stencil plane (other)
[segcap     69.500 info ]        +0 000002684EE56E10  rejected: MOST-BOUND (11 binds) => scene depth, stencil owned by UE4
[segcap     69.500 info ]        +0 000002684EE58130  rejected: no stencil plane (other)
[segcap     69.500 info ]        +0 000002684EF388F0  rejected: no stencil plane (other)
[segcap     69.500 info ]        +0 000002684EF39280  rejected: no stencil plane (R11G11B10_FLOAT)
[segcap     69.500 info ]        +0 000002684EF3AF30  rejected: no stencil plane (R11G11B10_FLOAT)
[segcap     69.500 info ]        +0 000002684EF3B8C0  rejected: no stencil plane (R16G16B16A16_FLOAT)
[segcap     69.500 info ]        +0 000002684EF3C250  rejected: no stencil plane (R11G11B10_FLOAT)
[segcap     69.500 info ]        +0 000002684EF3CBE0  rejected: no stencil plane (R11G11B10_FLOAT)
[segcap     69.500 info ]        +0 000002684EF3D570  rejected: no stencil plane (R11G11B10_FLOAT)
[segcap     69.500 info ]        +0 000002684EF3DF00  rejected: no stencil plane (R11G11B10_FLOAT)
[segcap     69.500 info ]        +0 000002684EF3E890  rejected: no stencil plane (R11G11B10_FLOAT)
[segcap     69.500 info ]        +0 000002684EF3F220  rejected: no stencil plane (R11G11B10_FLOAT)
[segcap     69.500 info ]        +0 000002684EF3FBB0  rejected: no stencil plane (R11G11B10_FLOAT)
[segcap     69.500 info ]        +0 000002684F23CA90  rejected: no stencil plane (other)
[segcap     69.500 info ]        +0 000002684F510750  rejected: MOST-BOUND (11 binds) => scene depth, stencil owned by UE4
[segcap     69.500 info ]        +0 000002684F58CE90  rejected: no stencil plane (R16G16B16A16_FLOAT)
[segcap     69.500 info ]        +0 000002684F58D820  rejected: no stencil plane (R16G16B16A16_FLOAT)
[segcap     69.500 info ]        +0 000002684F58EB40  rejected: no stencil plane (R16G16B16A16_FLOAT)
[segcap     69.500 info ]        +0 000002684F58F4D0  rejected: no stencil plane (R16G16B16A16_FLOAT)
[segcap     69.500 info ]        +0 000002684F58FE60  rejected: no stencil plane (R16G16B16A16_FLOAT)
[segcap     69.500 info ]        +0 000002684F5907F0  rejected: no stencil plane (R16G16B16A16_FLOAT)
[segcap     69.500 info ]        +0 000002684F5937C0  rejected: no stencil plane (other)
[segcap     69.500 info ]        +0 000002684FD90B80  rejected: no stencil plane (other)
[segcap     69.500 info ]        +0 000002684FD931C0  rejected: no stencil plane (R16G16B16A16_FLOAT)
[segcap     69.500 info ]        +0 00000268501540B0  rejected: no stencil plane (R16G16B16A16_FLOAT)
[segcap     69.500 info ]        +0 0000026850154A40  rejected: no stencil plane (R11G11B10_FLOAT)
[segcap     69.500 info ]        +0 00000268501566F0  rejected: no stencil plane (R16G16B16A16_FLOAT)
[segcap     69.500 info ]        +0 0000026850157080  rejected: no stencil plane (other)
[segcap     69.500 info ]        +0 0000026850157A10  rejected: no stencil plane (R11G11B10_FLOAT)
[segcap     69.500 info ]        +0 00000268501583A0  rejected: no stencil plane (R10G10B10A2_UNORM)
[segcap     69.500 info ]        +0 000002685015A050  rejected: no stencil plane (R11G11B10_FLOAT)
[segcap     69.500 info ]        +0 00000268501D4C20  rejected: no stencil plane (R11G11B10_FLOAT)
[segcap     69.500 info ]        +0 00000268765F5270  rejected: no stencil plane (R10G10B10A2_UNORM)
[segcap     69.500 info ]        +0 000002688B603B50  rejected: no stencil plane (other)
[segcap     69.500 info ]        +0 000002688B6B68A0  rejected: no stencil plane (R11G11B10_FLOAT)
[segcap     69.500 info ]        +0 000002688B6B7230  rejected: no stencil plane (R11G11B10_FLOAT)
[segcap     69.500 info ]        +0 000002688B6B7BC0  rejected: no stencil plane (R11G11B10_FLOAT)
[segcap     69.500 info ]        +0 000002688B6B9870  rejected: no stencil plane (R11G11B10_FLOAT)
[segcap     69.500 info ]        +0 000002688B6BA200  rejected: no stencil plane (other)
[segcap     69.500 info ]        +0 0000026896572F50  rejected: no stencil plane (R16G16B16A16_FLOAT)
[segcap     69.500 info ]        +0 0000026896575C80  rejected: no stencil plane (R16G16B16A16_FLOAT)
[segcap     69.500 info ]   ELECTED 000002684F23F0D0 (score 300)
[segcap     71.265 info ] ue4: 6384 readable regions mapped
[segcap     71.265 info ] ue4: [t+60s] array has 196012 slots; sampled 21780 (every 9)
[segcap     71.265 info ] ue4:   resolved=4427  nullObject=17353  failedValidation=0  nullChunk=0  unreadable=0
[segcap     71.265 info ] ue4:       1169  Function
[segcap     71.265 info ] ue4:        511  Package
[segcap     71.265 info ] ue4:        288  Class
[segcap     71.265 info ] ue4:        285  SoundWave
[segcap     71.265 info ] ue4:        204  SoundNodeWavePlayer
[segcap     71.265 info ] ue4:        201  ScriptStruct
[segcap     71.265 info ] ue4:        120  Enum
[segcap     71.265 info ] ue4:         66  TimelineComponent
[segcap     71.265 info ] ue4:         53  MovieSceneBuiltInEasingFunction
[segcap     71.265 info ] ue4:         46  SceneComponent
[segcap     71.265 info ] ue4:         45  AudioComponent
[segcap     71.265 info ] ue4:         44  Texture2D
[segcap     71.265 info ] ue4:         42  DelegateFunction
[segcap     71.265 info ] ue4:         38  CanvasPanelSlot
[segcap     71.297 info ] customdepth: marked 0 primitives (attempted 267, verified 267, rejected 0)
[segcap     71.297 info ] customdepth: engine setter flipped the bit on 267/267 -- the UFunction calls ARE taking effect
[segcap     74.500 info ] --- frame 4201: 60 distinct targets observed, 0 descriptor misses ---
[segcap     74.500 info ]     readback submitted=4200 delivered=4199 dropped=0
[segcap     74.500 info ]   DS 000002684F510750 R32G8X24_TYPELESS      2560x1600 samples=1 binds=11 clears=2 depth=yes state=0x40
[segcap     74.500 info ]   DS 000002684F23F0D0 R32G8X24_TYPELESS      2560x1600 samples=1 binds=1 clears=1 depth=yes state=0x10
[segcap     74.500 info ]   DS 000002684EE56E10 R32G8X24_TYPELESS      2560x1600 samples=1 binds=11 clears=2 depth=yes state=0xE0
[segcap     74.500 info ]   election:
[segcap     74.500 info ]      +300 000002684F23F0D0  full-res + stencil; few binds (1) => CustomDepth pass; persistent (4200 frames); INCUMBENT
[segcap     74.500 info ]        +0 00000265AFCD5CD0  rejected: no stencil plane (R10G10B10A2_UNORM)
[segcap     74.500 info ]        +0 00000265AFCD6660  rejected: no stencil plane (R10G10B10A2_UNORM)
[segcap     74.500 info ]        +0 00000265AFCD8310  rejected: no stencil plane (R10G10B10A2_UNORM)
[segcap     74.500 info ]        +0 00000265B0A58D20  rejected: no stencil plane (other)
[segcap     74.500 info ]        +0 00000265B0A5F650  rejected: no stencil plane (R10G10B10A2_UNORM)
[segcap     74.500 info ]        +0 00000265B0A74A40  rejected: no stencil plane (R16G16B16A16_FLOAT)
[segcap     74.500 info ]        +0 000002684EAF8370  rejected: no stencil plane (R16G16B16A16_FLOAT)
[segcap     74.500 info ]        +0 000002684EAF8D00  rejected: no stencil plane (R16G16B16A16_FLOAT)
[segcap     74.500 info ]        +0 000002684EAF9690  rejected: no stencil plane (other)
[segcap     74.500 info ]        +0 000002684EAFA020  rejected: no stencil plane (other)
[segcap     74.500 info ]        +0 000002684EAFA9B0  rejected: no stencil plane (other)
[segcap     74.500 info ]        +0 000002684EB67520  rejected: no stencil plane (R11G11B10_FLOAT)
[segcap     74.500 info ]        +0 000002684ED941B0  rejected: no stencil plane (other)
[segcap     74.500 info ]        +0 000002684EE14EB0  rejected: no stencil plane (other)
[segcap     74.500 info ]        +0 000002684EE161D0  rejected: no stencil plane (other)
[segcap     74.500 info ]        +0 000002684EE174F0  rejected: no stencil plane (R11G11B10_FLOAT)
[segcap     74.500 info ]        +0 000002684EE56480  rejected: no stencil plane (other)
[segcap     74.500 info ]        +0 000002684EE56E10  rejected: MOST-BOUND (11 binds) => scene depth, stencil owned by UE4
[segcap     74.500 info ]        +0 000002684EE58130  rejected: no stencil plane (other)
[segcap     74.500 info ]        +0 000002684EF388F0  rejected: no stencil plane (other)
[segcap     74.500 info ]        +0 000002684EF39280  rejected: no stencil plane (R11G11B10_FLOAT)
[segcap     74.500 info ]        +0 000002684EF3AF30  rejected: no stencil plane (R11G11B10_FLOAT)
[segcap     74.500 info ]        +0 000002684EF3B8C0  rejected: no stencil plane (R16G16B16A16_FLOAT)
[segcap     74.500 info ]        +0 000002684EF3C250  rejected: no stencil plane (R11G11B10_FLOAT)
[segcap     74.500 info ]        +0 000002684EF3CBE0  rejected: no stencil plane (R11G11B10_FLOAT)
[segcap     74.500 info ]        +0 000002684EF3D570  rejected: no stencil plane (R11G11B10_FLOAT)
[segcap     74.500 info ]        +0 000002684EF3DF00  rejected: no stencil plane (R11G11B10_FLOAT)
[segcap     74.500 info ]        +0 000002684EF3E890  rejected: no stencil plane (R11G11B10_FLOAT)
[segcap     74.500 info ]        +0 000002684EF3F220  rejected: no stencil plane (R11G11B10_FLOAT)
[segcap     74.500 info ]        +0 000002684EF3FBB0  rejected: no stencil plane (R11G11B10_FLOAT)
[segcap     74.500 info ]        +0 000002684F23CA90  rejected: no stencil plane (other)
[segcap     74.500 info ]        +0 000002684F510750  rejected: MOST-BOUND (11 binds) => scene depth, stencil owned by UE4
[segcap     74.500 info ]        +0 000002684F58CE90  rejected: no stencil plane (R16G16B16A16_FLOAT)
[segcap     74.500 info ]        +0 000002684F58D820  rejected: no stencil plane (R16G16B16A16_FLOAT)
[segcap     74.500 info ]        +0 000002684F58EB40  rejected: no stencil plane (R16G16B16A16_FLOAT)
[segcap     74.500 info ]        +0 000002684F58F4D0  rejected: no stencil plane (R16G16B16A16_FLOAT)
[segcap     74.500 info ]        +0 000002684F58FE60  rejected: no stencil plane (R16G16B16A16_FLOAT)
[segcap     74.500 info ]        +0 000002684F5907F0  rejected: no stencil plane (R16G16B16A16_FLOAT)
[segcap     74.500 info ]        +0 000002684F5937C0  rejected: no stencil plane (other)
[segcap     74.500 info ]        +0 000002684FBB6700  rejected: no stencil plane (R16G16B16A16_FLOAT)
[segcap     74.500 info ]        +0 000002684FD90B80  rejected: no stencil plane (other)
[segcap     74.500 info ]        +0 000002684FD931C0  rejected: no stencil plane (R16G16B16A16_FLOAT)
[segcap     74.500 info ]        +0 00000268501540B0  rejected: no stencil plane (R16G16B16A16_FLOAT)
[segcap     74.500 info ]        +0 0000026850154A40  rejected: no stencil plane (R11G11B10_FLOAT)
[segcap     74.500 info ]        +0 00000268501566F0  rejected: no stencil plane (R16G16B16A16_FLOAT)
[segcap     74.500 info ]        +0 0000026850157080  rejected: no stencil plane (other)
[segcap     74.500 info ]        +0 0000026850157A10  rejected: no stencil plane (R11G11B10_FLOAT)
[segcap     74.500 info ]        +0 00000268501583A0  rejected: no stencil plane (R10G10B10A2_UNORM)
[segcap     74.500 info ]        +0 000002685015A050  rejected: no stencil plane (R11G11B10_FLOAT)
[segcap     74.500 info ]        +0 00000268501D4C20  rejected: no stencil plane (R11G11B10_FLOAT)
[segcap     74.500 info ]        +0 00000268765F5270  rejected: no stencil plane (R10G10B10A2_UNORM)
[segcap     74.500 info ]        +0 000002688B603B50  rejected: no stencil plane (other)
[segcap     74.500 info ]        +0 000002688B6B68A0  rejected: no stencil plane (R11G11B10_FLOAT)
[segcap     74.500 info ]        +0 000002688B6B7230  rejected: no stencil plane (R11G11B10_FLOAT)
[segcap     74.500 info ]        +0 000002688B6B7BC0  rejected: no stencil plane (R11G11B10_FLOAT)
[segcap     74.500 info ]        +0 000002688B6B9870  rejected: no stencil plane (R11G11B10_FLOAT)
[segcap     74.500 info ]        +0 000002688B6BA200  rejected: no stencil plane (other)
[segcap     74.500 info ]        +0 0000026896572F50  rejected: no stencil plane (R16G16B16A16_FLOAT)
[segcap     74.500 info ]        +0 0000026896575C80  rejected: no stencil plane (R16G16B16A16_FLOAT)
[segcap     74.500 info ]   ELECTED 000002684F23F0D0 (score 300)
[segcap     79.500 info ] --- frame 4501: 60 distinct targets observed, 0 descriptor misses ---
[segcap     79.500 info ]     readback submitted=4500 delivered=4499 dropped=0
[segcap     79.500 info ]   DS 000002684F510750 R32G8X24_TYPELESS      2560x1600 samples=1 binds=10 clears=2 depth=yes state=0x40
[segcap     79.500 info ]   DS 000002684F23F0D0 R32G8X24_TYPELESS      2560x1600 samples=1 binds=1 clears=1 depth=yes state=0x10
[segcap     79.500 info ]   DS 000002684EE56E10 R32G8X24_TYPELESS      2560x1600 samples=1 binds=10 clears=2 depth=yes state=0xE0
[segcap     79.500 info ]   election:
[segcap     79.500 info ]      +300 000002684F23F0D0  full-res + stencil; few binds (1) => CustomDepth pass; persistent (4500 frames); INCUMBENT
[segcap     79.500 info ]        +0 00000265AFCD5CD0  rejected: no stencil plane (R10G10B10A2_UNORM)
[segcap     79.500 info ]        +0 00000265AFCD6660  rejected: no stencil plane (R10G10B10A2_UNORM)
[segcap     79.500 info ]        +0 00000265AFCD8310  rejected: no stencil plane (R10G10B10A2_UNORM)
[segcap     79.500 info ]        +0 00000265B0A58D20  rejected: no stencil plane (other)
[segcap     79.500 info ]        +0 00000265B0A5F650  rejected: no stencil plane (R10G10B10A2_UNORM)
[segcap     79.500 info ]        +0 00000265B0A74A40  rejected: no stencil plane (R16G16B16A16_FLOAT)
[segcap     79.500 info ]        +0 000002684EAF8370  rejected: no stencil plane (R16G16B16A16_FLOAT)
[segcap     79.500 info ]        +0 000002684EAF8D00  rejected: no stencil plane (R16G16B16A16_FLOAT)
[segcap     79.500 info ]        +0 000002684EAF9690  rejected: no stencil plane (other)
[segcap     79.500 info ]        +0 000002684EAFA020  rejected: no stencil plane (other)
[segcap     79.500 info ]        +0 000002684EAFA9B0  rejected: no stencil plane (other)
[segcap     79.500 info ]        +0 000002684EB67520  rejected: no stencil plane (R11G11B10_FLOAT)
[segcap     79.500 info ]        +0 000002684ED941B0  rejected: no stencil plane (other)
[segcap     79.500 info ]        +0 000002684EE14EB0  rejected: no stencil plane (other)
[segcap     79.500 info ]        +0 000002684EE161D0  rejected: no stencil plane (other)
[segcap     79.500 info ]        +0 000002684EE174F0  rejected: no stencil plane (R11G11B10_FLOAT)
[segcap     79.500 info ]        +0 000002684EE56480  rejected: no stencil plane (other)
[segcap     79.500 info ]        +0 000002684EE56E10  rejected: MOST-BOUND (10 binds) => scene depth, stencil owned by UE4
[segcap     79.500 info ]        +0 000002684EE58130  rejected: no stencil plane (other)
[segcap     79.500 info ]        +0 000002684EF388F0  rejected: no stencil plane (other)
[segcap     79.500 info ]        +0 000002684EF39280  rejected: no stencil plane (R11G11B10_FLOAT)
[segcap     79.500 info ]        +0 000002684EF3AF30  rejected: no stencil plane (R11G11B10_FLOAT)
[segcap     79.500 info ]        +0 000002684EF3B8C0  rejected: no stencil plane (R16G16B16A16_FLOAT)
[segcap     79.500 info ]        +0 000002684EF3C250  rejected: no stencil plane (R11G11B10_FLOAT)
[segcap     79.500 info ]        +0 000002684EF3CBE0  rejected: no stencil plane (R11G11B10_FLOAT)
[segcap     79.500 info ]        +0 000002684EF3D570  rejected: no stencil plane (R11G11B10_FLOAT)
[segcap     79.500 info ]        +0 000002684EF3DF00  rejected: no stencil plane (R11G11B10_FLOAT)
[segcap     79.500 info ]        +0 000002684EF3E890  rejected: no stencil plane (R11G11B10_FLOAT)
[segcap     79.500 info ]        +0 000002684EF3F220  rejected: no stencil plane (R11G11B10_FLOAT)
[segcap     79.500 info ]        +0 000002684EF3FBB0  rejected: no stencil plane (R11G11B10_FLOAT)
[segcap     79.500 info ]        +0 000002684F23CA90  rejected: no stencil plane (other)
[segcap     79.500 info ]        +0 000002684F510750  rejected: MOST-BOUND (10 binds) => scene depth, stencil owned by UE4
[segcap     79.500 info ]        +0 000002684F58CE90  rejected: no stencil plane (R16G16B16A16_FLOAT)
[segcap     79.500 info ]        +0 000002684F58D820  rejected: no stencil plane (R16G16B16A16_FLOAT)
[segcap     79.500 info ]        +0 000002684F58EB40  rejected: no stencil plane (R16G16B16A16_FLOAT)
[segcap     79.500 info ]        +0 000002684F58F4D0  rejected: no stencil plane (R16G16B16A16_FLOAT)
[segcap     79.500 info ]        +0 000002684F58FE60  rejected: no stencil plane (R16G16B16A16_FLOAT)
[segcap     79.500 info ]        +0 000002684F5907F0  rejected: no stencil plane (R16G16B16A16_FLOAT)
[segcap     79.500 info ]        +0 000002684F5937C0  rejected: no stencil plane (other)
[segcap     79.500 info ]        +0 000002684FBB6700  rejected: no stencil plane (R16G16B16A16_FLOAT)
[segcap     79.500 info ]        +0 000002684FD90B80  rejected: no stencil plane (other)
[segcap     79.500 info ]        +0 000002684FD931C0  rejected: no stencil plane (R16G16B16A16_FLOAT)
[segcap     79.500 info ]        +0 00000268501540B0  rejected: no stencil plane (R16G16B16A16_FLOAT)
[segcap     79.500 info ]        +0 0000026850154A40  rejected: no stencil plane (R11G11B10_FLOAT)
[segcap     79.500 info ]        +0 00000268501566F0  rejected: no stencil plane (R16G16B16A16_FLOAT)
[segcap     79.500 info ]        +0 0000026850157080  rejected: no stencil plane (other)
[segcap     79.500 info ]        +0 0000026850157A10  rejected: no stencil plane (R11G11B10_FLOAT)
[segcap     79.500 info ]        +0 00000268501583A0  rejected: no stencil plane (R10G10B10A2_UNORM)
[segcap     79.500 info ]        +0 000002685015A050  rejected: no stencil plane (R11G11B10_FLOAT)
[segcap     79.500 info ]        +0 00000268501D4C20  rejected: no stencil plane (R11G11B10_FLOAT)
[segcap     79.500 info ]        +0 00000268765F5270  rejected: no stencil plane (R10G10B10A2_UNORM)
[segcap     79.500 info ]        +0 000002688B603B50  rejected: no stencil plane (other)
[segcap     79.500 info ]        +0 000002688B6B68A0  rejected: no stencil plane (R11G11B10_FLOAT)
[segcap     79.500 info ]        +0 000002688B6B7230  rejected: no stencil plane (R11G11B10_FLOAT)
[segcap     79.500 info ]        +0 000002688B6B7BC0  rejected: no stencil plane (R11G11B10_FLOAT)
[segcap     79.500 info ]        +0 000002688B6B9870  rejected: no stencil plane (R11G11B10_FLOAT)
[segcap     79.500 info ]        +0 000002688B6BA200  rejected: no stencil plane (other)
[segcap     79.500 info ]        +0 0000026896572F50  rejected: no stencil plane (R16G16B16A16_FLOAT)
[segcap     79.500 info ]        +0 0000026896575C80  rejected: no stencil plane (R16G16B16A16_FLOAT)
[segcap     79.500 info ]   ELECTED 000002684F23F0D0 (score 300)
[segcap     84.500 info ] --- frame 4801: 60 distinct targets observed, 0 descriptor misses ---
[segcap     84.500 info ]     readback submitted=4800 delivered=4799 dropped=0
[segcap     84.500 info ]   DS 000002684F510750 R32G8X24_TYPELESS      2560x1600 samples=1 binds=10 clears=2 depth=yes state=0x40
[segcap     84.500 info ]   DS 000002684F23F0D0 R32G8X24_TYPELESS      2560x1600 samples=1 binds=1 clears=1 depth=yes state=0x10
[segcap     84.500 info ]   DS 000002684EE56E10 R32G8X24_TYPELESS      2560x1600 samples=1 binds=10 clears=2 depth=yes state=0xE0
[segcap     84.500 info ]   election:
[segcap     84.500 info ]      +300 000002684F23F0D0  full-res + stencil; few binds (1) => CustomDepth pass; persistent (4800 frames); INCUMBENT
[segcap     84.500 info ]        +0 00000265AFCD5CD0  rejected: no stencil plane (R10G10B10A2_UNORM)
[segcap     84.500 info ]        +0 00000265AFCD6660  rejected: no stencil plane (R10G10B10A2_UNORM)
[segcap     84.500 info ]        +0 00000265AFCD8310  rejected: no stencil plane (R10G10B10A2_UNORM)
[segcap     84.500 info ]        +0 00000265B0A58D20  rejected: no stencil plane (other)
[segcap     84.500 info ]        +0 00000265B0A5F650  rejected: no stencil plane (R10G10B10A2_UNORM)
[segcap     84.500 info ]        +0 00000265B0A74A40  rejected: no stencil plane (R16G16B16A16_FLOAT)
[segcap     84.500 info ]        +0 000002684EAF8370  rejected: no stencil plane (R16G16B16A16_FLOAT)
[segcap     84.500 info ]        +0 000002684EAF8D00  rejected: no stencil plane (R16G16B16A16_FLOAT)
[segcap     84.500 info ]        +0 000002684EAF9690  rejected: no stencil plane (other)
[segcap     84.500 info ]        +0 000002684EAFA020  rejected: no stencil plane (other)
[segcap     84.500 info ]        +0 000002684EAFA9B0  rejected: no stencil plane (other)
[segcap     84.500 info ]        +0 000002684EB67520  rejected: no stencil plane (R11G11B10_FLOAT)
[segcap     84.500 info ]        +0 000002684ED941B0  rejected: no stencil plane (other)
[segcap     84.500 info ]        +0 000002684EE14EB0  rejected: no stencil plane (other)
[segcap     84.500 info ]        +0 000002684EE161D0  rejected: no stencil plane (other)
[segcap     84.500 info ]        +0 000002684EE174F0  rejected: no stencil plane (R11G11B10_FLOAT)
[segcap     84.500 info ]        +0 000002684EE56480  rejected: no stencil plane (other)
[segcap     84.500 info ]        +0 000002684EE56E10  rejected: MOST-BOUND (10 binds) => scene depth, stencil owned by UE4
[segcap     84.500 info ]        +0 000002684EE58130  rejected: no stencil plane (other)
[segcap     84.500 info ]        +0 000002684EF388F0  rejected: no stencil plane (other)
[segcap     84.500 info ]        +0 000002684EF39280  rejected: no stencil plane (R11G11B10_FLOAT)
[segcap     84.500 info ]        +0 000002684EF3AF30  rejected: no stencil plane (R11G11B10_FLOAT)
[segcap     84.500 info ]        +0 000002684EF3B8C0  rejected: no stencil plane (R16G16B16A16_FLOAT)
[segcap     84.500 info ]        +0 000002684EF3C250  rejected: no stencil plane (R11G11B10_FLOAT)
[segcap     84.500 info ]        +0 000002684EF3CBE0  rejected: no stencil plane (R11G11B10_FLOAT)
[segcap     84.500 info ]        +0 000002684EF3D570  rejected: no stencil plane (R11G11B10_FLOAT)
[segcap     84.500 info ]        +0 000002684EF3DF00  rejected: no stencil plane (R11G11B10_FLOAT)
[segcap     84.500 info ]        +0 000002684EF3E890  rejected: no stencil plane (R11G11B10_FLOAT)
[segcap     84.500 info ]        +0 000002684EF3F220  rejected: no stencil plane (R11G11B10_FLOAT)
[segcap     84.500 info ]        +0 000002684EF3FBB0  rejected: no stencil plane (R11G11B10_FLOAT)
[segcap     84.500 info ]        +0 000002684F23CA90  rejected: no stencil plane (other)
[segcap     84.500 info ]        +0 000002684F510750  rejected: MOST-BOUND (10 binds) => scene depth, stencil owned by UE4
[segcap     84.500 info ]        +0 000002684F58CE90  rejected: no stencil plane (R16G16B16A16_FLOAT)
[segcap     84.500 info ]        +0 000002684F58D820  rejected: no stencil plane (R16G16B16A16_FLOAT)
[segcap     84.500 info ]        +0 000002684F58EB40  rejected: no stencil plane (R16G16B16A16_FLOAT)
[segcap     84.500 info ]        +0 000002684F58F4D0  rejected: no stencil plane (R16G16B16A16_FLOAT)
[segcap     84.500 info ]        +0 000002684F58FE60  rejected: no stencil plane (R16G16B16A16_FLOAT)
[segcap     84.500 info ]        +0 000002684F5907F0  rejected: no stencil plane (R16G16B16A16_FLOAT)
[segcap     84.500 info ]        +0 000002684F5937C0  rejected: no stencil plane (other)
[segcap     84.500 info ]        +0 000002684FBB6700  rejected: no stencil plane (R16G16B16A16_FLOAT)
[segcap     84.500 info ]        +0 000002684FD90B80  rejected: no stencil plane (other)
[segcap     84.500 info ]        +0 000002684FD931C0  rejected: no stencil plane (R16G16B16A16_FLOAT)
[segcap     84.500 info ]        +0 00000268501540B0  rejected: no stencil plane (R16G16B16A16_FLOAT)
[segcap     84.500 info ]        +0 0000026850154A40  rejected: no stencil plane (R11G11B10_FLOAT)
[segcap     84.500 info ]        +0 00000268501566F0  rejected: no stencil plane (R16G16B16A16_FLOAT)
[segcap     84.500 info ]        +0 0000026850157080  rejected: no stencil plane (other)
[segcap     84.500 info ]        +0 0000026850157A10  rejected: no stencil plane (R11G11B10_FLOAT)
[segcap     84.500 info ]        +0 00000268501583A0  rejected: no stencil plane (R10G10B10A2_UNORM)
[segcap     84.500 info ]        +0 000002685015A050  rejected: no stencil plane (R11G11B10_FLOAT)
[segcap     84.500 info ]        +0 00000268501D4C20  rejected: no stencil plane (R11G11B10_FLOAT)
[segcap     84.500 info ]        +0 00000268765F5270  rejected: no stencil plane (R10G10B10A2_UNORM)
[segcap     84.500 info ]        +0 000002688B603B50  rejected: no stencil plane (other)
[segcap     84.500 info ]        +0 000002688B6B68A0  rejected: no stencil plane (R11G11B10_FLOAT)
[segcap     84.500 info ]        +0 000002688B6B7230  rejected: no stencil plane (R11G11B10_FLOAT)
[segcap     84.500 info ]        +0 000002688B6B7BC0  rejected: no stencil plane (R11G11B10_FLOAT)
[segcap     84.500 info ]        +0 000002688B6B9870  rejected: no stencil plane (R11G11B10_FLOAT)
[segcap     84.500 info ]        +0 000002688B6BA200  rejected: no stencil plane (other)
[segcap     84.500 info ]        +0 0000026896572F50  rejected: no stencil plane (R16G16B16A16_FLOAT)
[segcap     84.500 info ]        +0 0000026896575C80  rejected: no stencil plane (R16G16B16A16_FLOAT)
[segcap     84.500 info ]   ELECTED 000002684F23F0D0 (score 300)
[segcap     89.500 info ] --- frame 5101: 60 distinct targets observed, 0 descriptor misses ---
[segcap     89.500 info ]     readback submitted=5100 delivered=5099 dropped=0
[segcap     89.500 info ]   DS 000002684F510750 R32G8X24_TYPELESS      2560x1600 samples=1 binds=10 clears=2 depth=yes state=0x40
[segcap     89.500 info ]   DS 000002684F23F0D0 R32G8X24_TYPELESS      2560x1600 samples=1 binds=1 clears=1 depth=yes state=0x10
[segcap     89.500 info ]   DS 000002684EE56E10 R32G8X24_TYPELESS      2560x1600 samples=1 binds=10 clears=2 depth=yes state=0xE0
[segcap     89.500 info ]   election:
[segcap     89.500 info ]      +300 000002684F23F0D0  full-res + stencil; few binds (1) => CustomDepth pass; persistent (5100 frames); INCUMBENT
[segcap     89.500 info ]        +0 00000265AFCD5CD0  rejected: no stencil plane (R10G10B10A2_UNORM)
[segcap     89.500 info ]        +0 00000265AFCD6660  rejected: no stencil plane (R10G10B10A2_UNORM)
[segcap     89.500 info ]        +0 00000265AFCD8310  rejected: no stencil plane (R10G10B10A2_UNORM)
[segcap     89.500 info ]        +0 00000265B0A58D20  rejected: no stencil plane (other)
[segcap     89.500 info ]        +0 00000265B0A5F650  rejected: no stencil plane (R10G10B10A2_UNORM)
[segcap     89.500 info ]        +0 00000265B0A74A40  rejected: no stencil plane (R16G16B16A16_FLOAT)
[segcap     89.500 info ]        +0 000002684EAF8370  rejected: no stencil plane (R16G16B16A16_FLOAT)
[segcap     89.500 info ]        +0 000002684EAF8D00  rejected: no stencil plane (R16G16B16A16_FLOAT)
[segcap     89.500 info ]        +0 000002684EAF9690  rejected: no stencil plane (other)
[segcap     89.500 info ]        +0 000002684EAFA020  rejected: no stencil plane (other)
[segcap     89.500 info ]        +0 000002684EAFA9B0  rejected: no stencil plane (other)
[segcap     89.500 info ]        +0 000002684EB67520  rejected: no stencil plane (R11G11B10_FLOAT)
[segcap     89.500 info ]        +0 000002684ED941B0  rejected: no stencil plane (other)
[segcap     89.500 info ]        +0 000002684EE14EB0  rejected: no stencil plane (other)
[segcap     89.500 info ]        +0 000002684EE161D0  rejected: no stencil plane (other)
[segcap     89.500 info ]        +0 000002684EE174F0  rejected: no stencil plane (R11G11B10_FLOAT)
[segcap     89.500 info ]        +0 000002684EE56480  rejected: no stencil plane (other)
[segcap     89.500 info ]        +0 000002684EE56E10  rejected: MOST-BOUND (10 binds) => scene depth, stencil owned by UE4
[segcap     89.500 info ]        +0 000002684EE58130  rejected: no stencil plane (other)
[segcap     89.500 info ]        +0 000002684EF388F0  rejected: no stencil plane (other)
[segcap     89.500 info ]        +0 000002684EF39280  rejected: no stencil plane (R11G11B10_FLOAT)
[segcap     89.500 info ]        +0 000002684EF3AF30  rejected: no stencil plane (R11G11B10_FLOAT)
[segcap     89.500 info ]        +0 000002684EF3B8C0  rejected: no stencil plane (R16G16B16A16_FLOAT)
[segcap     89.500 info ]        +0 000002684EF3C250  rejected: no stencil plane (R11G11B10_FLOAT)
[segcap     89.500 info ]        +0 000002684EF3CBE0  rejected: no stencil plane (R11G11B10_FLOAT)
[segcap     89.500 info ]        +0 000002684EF3D570  rejected: no stencil plane (R11G11B10_FLOAT)
[segcap     89.500 info ]        +0 000002684EF3DF00  rejected: no stencil plane (R11G11B10_FLOAT)
[segcap     89.500 info ]        +0 000002684EF3E890  rejected: no stencil plane (R11G11B10_FLOAT)
[segcap     89.500 info ]        +0 000002684EF3F220  rejected: no stencil plane (R11G11B10_FLOAT)
[segcap     89.500 info ]        +0 000002684EF3FBB0  rejected: no stencil plane (R11G11B10_FLOAT)
[segcap     89.500 info ]        +0 000002684F23CA90  rejected: no stencil plane (other)
[segcap     89.500 info ]        +0 000002684F510750  rejected: MOST-BOUND (10 binds) => scene depth, stencil owned by UE4
[segcap     89.500 info ]        +0 000002684F58CE90  rejected: no stencil plane (R16G16B16A16_FLOAT)
[segcap     89.500 info ]        +0 000002684F58D820  rejected: no stencil plane (R16G16B16A16_FLOAT)
[segcap     89.500 info ]        +0 000002684F58EB40  rejected: no stencil plane (R16G16B16A16_FLOAT)
[segcap     89.500 info ]        +0 000002684F58F4D0  rejected: no stencil plane (R16G16B16A16_FLOAT)
[segcap     89.500 info ]        +0 000002684F58FE60  rejected: no stencil plane (R16G16B16A16_FLOAT)
[segcap     89.500 info ]        +0 000002684F5907F0  rejected: no stencil plane (R16G16B16A16_FLOAT)
[segcap     89.500 info ]        +0 000002684F5937C0  rejected: no stencil plane (other)
[segcap     89.500 info ]        +0 000002684FBB6700  rejected: no stencil plane (R16G16B16A16_FLOAT)
[segcap     89.500 info ]        +0 000002684FD90B80  rejected: no stencil plane (other)
[segcap     89.500 info ]        +0 000002684FD931C0  rejected: no stencil plane (R16G16B16A16_FLOAT)
[segcap     89.500 info ]        +0 00000268501540B0  rejected: no stencil plane (R16G16B16A16_FLOAT)
[segcap     89.500 info ]        +0 0000026850154A40  rejected: no stencil plane (R11G11B10_FLOAT)
[segcap     89.500 info ]        +0 00000268501566F0  rejected: no stencil plane (R16G16B16A16_FLOAT)
[segcap     89.500 info ]        +0 0000026850157080  rejected: no stencil plane (other)
[segcap     89.500 info ]        +0 0000026850157A10  rejected: no stencil plane (R11G11B10_FLOAT)
[segcap     89.500 info ]        +0 00000268501583A0  rejected: no stencil plane (R10G10B10A2_UNORM)
[segcap     89.500 info ]        +0 000002685015A050  rejected: no stencil plane (R11G11B10_FLOAT)
[segcap     89.500 info ]        +0 00000268501D4C20  rejected: no stencil plane (R11G11B10_FLOAT)
[segcap     89.500 info ]        +0 00000268765F5270  rejected: no stencil plane (R10G10B10A2_UNORM)
[segcap     89.500 info ]        +0 000002688B603B50  rejected: no stencil plane (other)
[segcap     89.500 info ]        +0 000002688B6B68A0  rejected: no stencil plane (R11G11B10_FLOAT)
[segcap     89.500 info ]        +0 000002688B6B7230  rejected: no stencil plane (R11G11B10_FLOAT)
[segcap     89.500 info ]        +0 000002688B6B7BC0  rejected: no stencil plane (R11G11B10_FLOAT)
[segcap     89.500 info ]        +0 000002688B6B9870  rejected: no stencil plane (R11G11B10_FLOAT)
[segcap     89.500 info ]        +0 000002688B6BA200  rejected: no stencil plane (other)
[segcap     89.500 info ]        +0 0000026896572F50  rejected: no stencil plane (R16G16B16A16_FLOAT)
[segcap     89.500 info ]        +0 0000026896575C80  rejected: no stencil plane (R16G16B16A16_FLOAT)
[segcap     89.500 info ]   ELECTED 000002684F23F0D0 (score 300)
[segcap     94.500 info ] --- frame 5401: 59 distinct targets observed, 0 descriptor misses ---
[segcap     94.500 info ]     readback submitted=5400 delivered=5399 dropped=0
[segcap     94.500 info ]   DS 000002684F510750 R32G8X24_TYPELESS      2560x1600 samples=1 binds=10 clears=2 depth=yes state=0x40
[segcap     94.500 info ]   DS 000002684F23F0D0 R32G8X24_TYPELESS      2560x1600 samples=1 binds=1 clears=1 depth=yes state=0x10
[segcap     94.500 info ]   DS 000002684EE56E10 R32G8X24_TYPELESS      2560x1600 samples=1 binds=10 clears=2 depth=yes state=0xE0
[segcap     94.500 info ]   election:
[segcap     94.500 info ]      +300 000002684F23F0D0  full-res + stencil; few binds (1) => CustomDepth pass; persistent (5400 frames); INCUMBENT
[segcap     94.500 info ]        +0 00000265AFCD5CD0  rejected: no stencil plane (R10G10B10A2_UNORM)
[segcap     94.500 info ]        +0 00000265AFCD6660  rejected: no stencil plane (R10G10B10A2_UNORM)
[segcap     94.500 info ]        +0 00000265AFCD8310  rejected: no stencil plane (R10G10B10A2_UNORM)
[segcap     94.500 info ]        +0 00000265B0A58D20  rejected: no stencil plane (other)
[segcap     94.500 info ]        +0 00000265B0A5F650  rejected: no stencil plane (R10G10B10A2_UNORM)
[segcap     94.500 info ]        +0 00000265B0A74A40  rejected: no stencil plane (R16G16B16A16_FLOAT)
[segcap     94.500 info ]        +0 000002684EAF8370  rejected: no stencil plane (R16G16B16A16_FLOAT)
[segcap     94.500 info ]        +0 000002684EAF8D00  rejected: no stencil plane (R16G16B16A16_FLOAT)
[segcap     94.500 info ]        +0 000002684EAF9690  rejected: no stencil plane (other)
[segcap     94.500 info ]        +0 000002684EAFA020  rejected: no stencil plane (other)
[segcap     94.500 info ]        +0 000002684EAFA9B0  rejected: no stencil plane (other)
[segcap     94.500 info ]        +0 000002684EB67520  rejected: no stencil plane (R11G11B10_FLOAT)
[segcap     94.500 info ]        +0 000002684ED941B0  rejected: no stencil plane (other)
[segcap     94.500 info ]        +0 000002684EE14EB0  rejected: no stencil plane (other)
[segcap     94.500 info ]        +0 000002684EE161D0  rejected: no stencil plane (other)
[segcap     94.500 info ]        +0 000002684EE174F0  rejected: no stencil plane (R11G11B10_FLOAT)
[segcap     94.500 info ]        +0 000002684EE56480  rejected: no stencil plane (other)
[segcap     94.500 info ]        +0 000002684EE56E10  rejected: MOST-BOUND (10 binds) => scene depth, stencil owned by UE4
[segcap     94.500 info ]        +0 000002684EE58130  rejected: no stencil plane (other)
[segcap     94.500 info ]        +0 000002684EF388F0  rejected: no stencil plane (other)
[segcap     94.500 info ]        +0 000002684EF39280  rejected: no stencil plane (R11G11B10_FLOAT)
[segcap     94.500 info ]        +0 000002684EF3AF30  rejected: no stencil plane (R11G11B10_FLOAT)
[segcap     94.500 info ]        +0 000002684EF3B8C0  rejected: no stencil plane (R16G16B16A16_FLOAT)
[segcap     94.500 info ]        +0 000002684EF3C250  rejected: no stencil plane (R11G11B10_FLOAT)
[segcap     94.500 info ]        +0 000002684EF3CBE0  rejected: no stencil plane (R11G11B10_FLOAT)
[segcap     94.500 info ]        +0 000002684EF3D570  rejected: no stencil plane (R11G11B10_FLOAT)
[segcap     94.500 info ]        +0 000002684EF3DF00  rejected: no stencil plane (R11G11B10_FLOAT)
[segcap     94.500 info ]        +0 000002684EF3E890  rejected: no stencil plane (R11G11B10_FLOAT)
[segcap     94.500 info ]        +0 000002684EF3F220  rejected: no stencil plane (R11G11B10_FLOAT)
[segcap     94.500 info ]        +0 000002684EF3FBB0  rejected: no stencil plane (R11G11B10_FLOAT)
[segcap     94.500 info ]        +0 000002684F23CA90  rejected: no stencil plane (other)
[segcap     94.500 info ]        +0 000002684F510750  rejected: MOST-BOUND (10 binds) => scene depth, stencil owned by UE4
[segcap     94.500 info ]        +0 000002684F58CE90  rejected: no stencil plane (R16G16B16A16_FLOAT)
[segcap     94.500 info ]        +0 000002684F58D820  rejected: no stencil plane (R16G16B16A16_FLOAT)
[segcap     94.500 info ]        +0 000002684F58EB40  rejected: no stencil plane (R16G16B16A16_FLOAT)
[segcap     94.500 info ]        +0 000002684F58F4D0  rejected: no stencil plane (R16G16B16A16_FLOAT)
[segcap     94.500 info ]        +0 000002684F58FE60  rejected: no stencil plane (R16G16B16A16_FLOAT)
[segcap     94.500 info ]        +0 000002684F5907F0  rejected: no stencil plane (R16G16B16A16_FLOAT)
[segcap     94.500 info ]        +0 000002684F5937C0  rejected: no stencil plane (other)
[segcap     94.500 info ]        +0 000002684FD90B80  rejected: no stencil plane (other)
[segcap     94.500 info ]        +0 000002684FD931C0  rejected: no stencil plane (R16G16B16A16_FLOAT)
[segcap     94.500 info ]        +0 00000268501540B0  rejected: no stencil plane (R16G16B16A16_FLOAT)
[segcap     94.500 info ]        +0 0000026850154A40  rejected: no stencil plane (R11G11B10_FLOAT)
[segcap     94.500 info ]        +0 00000268501566F0  rejected: no stencil plane (R16G16B16A16_FLOAT)
[segcap     94.500 info ]        +0 0000026850157080  rejected: no stencil plane (other)
[segcap     94.500 info ]        +0 0000026850157A10  rejected: no stencil plane (R11G11B10_FLOAT)
[segcap     94.500 info ]        +0 00000268501583A0  rejected: no stencil plane (R10G10B10A2_UNORM)
[segcap     94.500 info ]        +0 000002685015A050  rejected: no stencil plane (R11G11B10_FLOAT)
[segcap     94.500 info ]        +0 00000268501D4C20  rejected: no stencil plane (R11G11B10_FLOAT)
[segcap     94.500 info ]        +0 00000268765F5270  rejected: no stencil plane (R10G10B10A2_UNORM)
[segcap     94.500 info ]        +0 000002688B603B50  rejected: no stencil plane (other)
[segcap     94.500 info ]        +0 000002688B6B68A0  rejected: no stencil plane (R11G11B10_FLOAT)
[segcap     94.500 info ]        +0 000002688B6B7230  rejected: no stencil plane (R11G11B10_FLOAT)
[segcap     94.500 info ]        +0 000002688B6B7BC0  rejected: no stencil plane (R11G11B10_FLOAT)
[segcap     94.500 info ]        +0 000002688B6B9870  rejected: no stencil plane (R11G11B10_FLOAT)
[segcap     94.500 info ]        +0 000002688B6BA200  rejected: no stencil plane (other)
[segcap     94.500 info ]        +0 0000026896572F50  rejected: no stencil plane (R16G16B16A16_FLOAT)
[segcap     94.500 info ]        +0 0000026896575C80  rejected: no stencil plane (R16G16B16A16_FLOAT)
[segcap     94.500 info ]   ELECTED 000002684F23F0D0 (score 300)
[segcap     99.500 info ] --- frame 5701: 59 distinct targets observed, 0 descriptor misses ---
[segcap     99.500 info ]     readback submitted=5700 delivered=5699 dropped=0
[segcap     99.500 info ]   DS 000002684F510750 R32G8X24_TYPELESS      2560x1600 samples=1 binds=10 clears=2 depth=yes state=0x40
[segcap     99.500 info ]   DS 000002684F23F0D0 R32G8X24_TYPELESS      2560x1600 samples=1 binds=1 clears=1 depth=yes state=0x10
[segcap     99.500 info ]   DS 000002684EE56E10 R32G8X24_TYPELESS      2560x1600 samples=1 binds=10 clears=2 depth=yes state=0xE0
[segcap     99.500 info ]   election:
[segcap     99.500 info ]      +300 000002684F23F0D0  full-res + stencil; few binds (1) => CustomDepth pass; persistent (5700 frames); INCUMBENT
[segcap     99.500 info ]        +0 00000265AFCD5CD0  rejected: no stencil plane (R10G10B10A2_UNORM)
[segcap     99.500 info ]        +0 00000265AFCD6660  rejected: no stencil plane (R10G10B10A2_UNORM)
[segcap     99.500 info ]        +0 00000265AFCD8310  rejected: no stencil plane (R10G10B10A2_UNORM)
[segcap     99.500 info ]        +0 00000265B0A58D20  rejected: no stencil plane (other)
[segcap     99.500 info ]        +0 00000265B0A5F650  rejected: no stencil plane (R10G10B10A2_UNORM)
[segcap     99.500 info ]        +0 00000265B0A74A40  rejected: no stencil plane (R16G16B16A16_FLOAT)
[segcap     99.500 info ]        +0 000002684EAF8370  rejected: no stencil plane (R16G16B16A16_FLOAT)
[segcap     99.500 info ]        +0 000002684EAF8D00  rejected: no stencil plane (R16G16B16A16_FLOAT)
[segcap     99.500 info ]        +0 000002684EAF9690  rejected: no stencil plane (other)
[segcap     99.500 info ]        +0 000002684EAFA020  rejected: no stencil plane (other)
[segcap     99.500 info ]        +0 000002684EAFA9B0  rejected: no stencil plane (other)
[segcap     99.500 info ]        +0 000002684EB67520  rejected: no stencil plane (R11G11B10_FLOAT)
[segcap     99.500 info ]        +0 000002684ED941B0  rejected: no stencil plane (other)
[segcap     99.500 info ]        +0 000002684EE14EB0  rejected: no stencil plane (other)
[segcap     99.500 info ]        +0 000002684EE161D0  rejected: no stencil plane (other)
[segcap     99.500 info ]        +0 000002684EE174F0  rejected: no stencil plane (R11G11B10_FLOAT)
[segcap     99.500 info ]        +0 000002684EE56480  rejected: no stencil plane (other)
[segcap     99.500 info ]        +0 000002684EE56E10  rejected: MOST-BOUND (10 binds) => scene depth, stencil owned by UE4
[segcap     99.500 info ]        +0 000002684EE58130  rejected: no stencil plane (other)
[segcap     99.500 info ]        +0 000002684EF388F0  rejected: no stencil plane (other)
[segcap     99.500 info ]        +0 000002684EF39280  rejected: no stencil plane (R11G11B10_FLOAT)
[segcap     99.500 info ]        +0 000002684EF3AF30  rejected: no stencil plane (R11G11B10_FLOAT)
[segcap     99.500 info ]        +0 000002684EF3B8C0  rejected: no stencil plane (R16G16B16A16_FLOAT)
[segcap     99.500 info ]        +0 000002684EF3C250  rejected: no stencil plane (R11G11B10_FLOAT)
[segcap     99.500 info ]        +0 000002684EF3CBE0  rejected: no stencil plane (R11G11B10_FLOAT)
[segcap     99.500 info ]        +0 000002684EF3D570  rejected: no stencil plane (R11G11B10_FLOAT)
[segcap     99.500 info ]        +0 000002684EF3DF00  rejected: no stencil plane (R11G11B10_FLOAT)
[segcap     99.500 info ]        +0 000002684EF3E890  rejected: no stencil plane (R11G11B10_FLOAT)
[segcap     99.500 info ]        +0 000002684EF3F220  rejected: no stencil plane (R11G11B10_FLOAT)
[segcap     99.500 info ]        +0 000002684EF3FBB0  rejected: no stencil plane (R11G11B10_FLOAT)
[segcap     99.500 info ]        +0 000002684F23CA90  rejected: no stencil plane (other)
[segcap     99.500 info ]        +0 000002684F510750  rejected: MOST-BOUND (10 binds) => scene depth, stencil owned by UE4
[segcap     99.500 info ]        +0 000002684F58CE90  rejected: no stencil plane (R16G16B16A16_FLOAT)
[segcap     99.500 info ]        +0 000002684F58D820  rejected: no stencil plane (R16G16B16A16_FLOAT)
[segcap     99.500 info ]        +0 000002684F58EB40  rejected: no stencil plane (R16G16B16A16_FLOAT)
[segcap     99.500 info ]        +0 000002684F58F4D0  rejected: no stencil plane (R16G16B16A16_FLOAT)
[segcap     99.500 info ]        +0 000002684F58FE60  rejected: no stencil plane (R16G16B16A16_FLOAT)
[segcap     99.500 info ]        +0 000002684F5907F0  rejected: no stencil plane (R16G16B16A16_FLOAT)
[segcap     99.500 info ]        +0 000002684F5937C0  rejected: no stencil plane (other)
[segcap     99.500 info ]        +0 000002684FD90B80  rejected: no stencil plane (other)
[segcap     99.500 info ]        +0 000002684FD931C0  rejected: no stencil plane (R16G16B16A16_FLOAT)
[segcap     99.500 info ]        +0 00000268501540B0  rejected: no stencil plane (R16G16B16A16_FLOAT)
[segcap     99.500 info ]        +0 0000026850154A40  rejected: no stencil plane (R11G11B10_FLOAT)
[segcap     99.500 info ]        +0 00000268501566F0  rejected: no stencil plane (R16G16B16A16_FLOAT)
[segcap     99.500 info ]        +0 0000026850157080  rejected: no stencil plane (other)
[segcap     99.500 info ]        +0 0000026850157A10  rejected: no stencil plane (R11G11B10_FLOAT)
[segcap     99.500 info ]        +0 00000268501583A0  rejected: no stencil plane (R10G10B10A2_UNORM)
[segcap     99.500 info ]        +0 000002685015A050  rejected: no stencil plane (R11G11B10_FLOAT)
[segcap     99.500 info ]        +0 00000268501D4C20  rejected: no stencil plane (R11G11B10_FLOAT)
[segcap     99.500 info ]        +0 00000268765F5270  rejected: no stencil plane (R10G10B10A2_UNORM)
[segcap     99.500 info ]        +0 000002688B603B50  rejected: no stencil plane (other)
[segcap     99.500 info ]        +0 000002688B6B68A0  rejected: no stencil plane (R11G11B10_FLOAT)
[segcap     99.500 info ]        +0 000002688B6B7230  rejected: no stencil plane (R11G11B10_FLOAT)
[segcap     99.500 info ]        +0 000002688B6B7BC0  rejected: no stencil plane (R11G11B10_FLOAT)
[segcap     99.500 info ]        +0 000002688B6B9870  rejected: no stencil plane (R11G11B10_FLOAT)
[segcap     99.500 info ]        +0 000002688B6BA200  rejected: no stencil plane (other)
[segcap     99.500 info ]        +0 0000026896572F50  rejected: no stencil plane (R16G16B16A16_FLOAT)
[segcap     99.500 info ]        +0 0000026896575C80  rejected: no stencil plane (R16G16B16A16_FLOAT)
[segcap     99.500 info ]   ELECTED 000002684F23F0D0 (score 300)
[segcap    101.281 info ] ue4: 6376 readable regions mapped
[segcap    101.297 info ] ue4: [t+90s] array has 196012 slots; sampled 21780 (every 9)
[segcap    101.297 info ] ue4:   resolved=4427  nullObject=17353  failedValidation=0  nullChunk=0  unreadable=0
[segcap    101.297 info ] ue4:       1169  Function
[segcap    101.297 info ] ue4:        511  Package
[segcap    101.297 info ] ue4:        288  Class
[segcap    101.297 info ] ue4:        285  SoundWave
[segcap    101.297 info ] ue4:        204  SoundNodeWavePlayer
[segcap    101.297 info ] ue4:        201  ScriptStruct
[segcap    101.297 info ] ue4:        120  Enum
[segcap    101.297 info ] ue4:         66  TimelineComponent
[segcap    101.297 info ] ue4:         53  MovieSceneBuiltInEasingFunction
[segcap    101.297 info ] ue4:         46  SceneComponent
[segcap    101.297 info ] ue4:         45  AudioComponent
[segcap    101.297 info ] ue4:         44  Texture2D
[segcap    101.297 info ] ue4:         42  DelegateFunction
[segcap    101.297 info ] ue4:         38  CanvasPanelSlot
[segcap    101.312 info ] customdepth: marked 0 primitives (attempted 267, verified 267, rejected 0)
[segcap    101.312 info ] customdepth: engine setter flipped the bit on 267/267 -- the UFunction calls ARE taking effect
[segcap    104.500 info ] --- frame 6001: 59 distinct targets observed, 0 descriptor misses ---
[segcap    104.500 info ]     readback submitted=6000 delivered=5999 dropped=0
[segcap    104.500 info ]   DS 000002684F510750 R32G8X24_TYPELESS      2560x1600 samples=1 binds=10 clears=2 depth=yes state=0x40
[segcap    104.500 info ]   DS 000002684F23F0D0 R32G8X24_TYPELESS      2560x1600 samples=1 binds=1 clears=1 depth=yes state=0x10
[segcap    104.500 info ]   DS 000002684EE56E10 R32G8X24_TYPELESS      2560x1600 samples=1 binds=10 clears=2 depth=yes state=0xE0
[segcap    104.500 info ]   election:
[segcap    104.500 info ]      +300 000002684F23F0D0  full-res + stencil; few binds (1) => CustomDepth pass; persistent (6000 frames); INCUMBENT
[segcap    104.500 info ]        +0 00000265AFCD5CD0  rejected: no stencil plane (R10G10B10A2_UNORM)
[segcap    104.500 info ]        +0 00000265AFCD6660  rejected: no stencil plane (R10G10B10A2_UNORM)
[segcap    104.500 info ]        +0 00000265AFCD8310  rejected: no stencil plane (R10G10B10A2_UNORM)
[segcap    104.500 info ]        +0 00000265B0A58D20  rejected: no stencil plane (other)
[segcap    104.500 info ]        +0 00000265B0A5F650  rejected: no stencil plane (R10G10B10A2_UNORM)
[segcap    104.500 info ]        +0 00000265B0A74A40  rejected: no stencil plane (R16G16B16A16_FLOAT)
[segcap    104.500 info ]        +0 000002684EAF8370  rejected: no stencil plane (R16G16B16A16_FLOAT)
[segcap    104.500 info ]        +0 000002684EAF8D00  rejected: no stencil plane (R16G16B16A16_FLOAT)
[segcap    104.500 info ]        +0 000002684EAF9690  rejected: no stencil plane (other)
[segcap    104.500 info ]        +0 000002684EAFA020  rejected: no stencil plane (other)
[segcap    104.500 info ]        +0 000002684EAFA9B0  rejected: no stencil plane (other)
[segcap    104.500 info ]        +0 000002684EB67520  rejected: no stencil plane (R11G11B10_FLOAT)
[segcap    104.500 info ]        +0 000002684ED941B0  rejected: no stencil plane (other)
[segcap    104.500 info ]        +0 000002684EE14EB0  rejected: no stencil plane (other)
[segcap    104.500 info ]        +0 000002684EE161D0  rejected: no stencil plane (other)
[segcap    104.500 info ]        +0 000002684EE174F0  rejected: no stencil plane (R11G11B10_FLOAT)
[segcap    104.500 info ]        +0 000002684EE56480  rejected: no stencil plane (other)
[segcap    104.500 info ]        +0 000002684EE56E10  rejected: MOST-BOUND (10 binds) => scene depth, stencil owned by UE4
[segcap    104.500 info ]        +0 000002684EE58130  rejected: no stencil plane (other)
[segcap    104.500 info ]        +0 000002684EF388F0  rejected: no stencil plane (other)
[segcap    104.500 info ]        +0 000002684EF39280  rejected: no stencil plane (R11G11B10_FLOAT)
[segcap    104.500 info ]        +0 000002684EF3AF30  rejected: no stencil plane (R11G11B10_FLOAT)
[segcap    104.500 info ]        +0 000002684EF3B8C0  rejected: no stencil plane (R16G16B16A16_FLOAT)
[segcap    104.500 info ]        +0 000002684EF3C250  rejected: no stencil plane (R11G11B10_FLOAT)
[segcap    104.500 info ]        +0 000002684EF3CBE0  rejected: no stencil plane (R11G11B10_FLOAT)
[segcap    104.500 info ]        +0 000002684EF3D570  rejected: no stencil plane (R11G11B10_FLOAT)
[segcap    104.500 info ]        +0 000002684EF3DF00  rejected: no stencil plane (R11G11B10_FLOAT)
[segcap    104.500 info ]        +0 000002684EF3E890  rejected: no stencil plane (R11G11B10_FLOAT)
[segcap    104.500 info ]        +0 000002684EF3F220  rejected: no stencil plane (R11G11B10_FLOAT)
[segcap    104.500 info ]        +0 000002684EF3FBB0  rejected: no stencil plane (R11G11B10_FLOAT)
[segcap    104.500 info ]        +0 000002684F23CA90  rejected: no stencil plane (other)
[segcap    104.500 info ]        +0 000002684F510750  rejected: MOST-BOUND (10 binds) => scene depth, stencil owned by UE4
[segcap    104.500 info ]        +0 000002684F58CE90  rejected: no stencil plane (R16G16B16A16_FLOAT)
[segcap    104.500 info ]        +0 000002684F58D820  rejected: no stencil plane (R16G16B16A16_FLOAT)
[segcap    104.500 info ]        +0 000002684F58EB40  rejected: no stencil plane (R16G16B16A16_FLOAT)
[segcap    104.500 info ]        +0 000002684F58F4D0  rejected: no stencil plane (R16G16B16A16_FLOAT)
[segcap    104.500 info ]        +0 000002684F58FE60  rejected: no stencil plane (R16G16B16A16_FLOAT)
[segcap    104.500 info ]        +0 000002684F5907F0  rejected: no stencil plane (R16G16B16A16_FLOAT)
[segcap    104.500 info ]        +0 000002684F5937C0  rejected: no stencil plane (other)
[segcap    104.500 info ]        +0 000002684FD90B80  rejected: no stencil plane (other)
[segcap    104.500 info ]        +0 000002684FD931C0  rejected: no stencil plane (R16G16B16A16_FLOAT)
[segcap    104.500 info ]        +0 00000268501540B0  rejected: no stencil plane (R16G16B16A16_FLOAT)
[segcap    104.500 info ]        +0 0000026850154A40  rejected: no stencil plane (R11G11B10_FLOAT)
[segcap    104.500 info ]        +0 00000268501566F0  rejected: no stencil plane (R16G16B16A16_FLOAT)
[segcap    104.500 info ]        +0 0000026850157080  rejected: no stencil plane (other)
[segcap    104.500 info ]        +0 0000026850157A10  rejected: no stencil plane (R11G11B10_FLOAT)
[segcap    104.500 info ]        +0 00000268501583A0  rejected: no stencil plane (R10G10B10A2_UNORM)
[segcap    104.500 info ]        +0 000002685015A050  rejected: no stencil plane (R11G11B10_FLOAT)
[segcap    104.500 info ]        +0 00000268501D4C20  rejected: no stencil plane (R11G11B10_FLOAT)
[segcap    104.500 info ]        +0 00000268765F5270  rejected: no stencil plane (R10G10B10A2_UNORM)
[segcap    104.500 info ]        +0 000002688B603B50  rejected: no stencil plane (other)
[segcap    104.500 info ]        +0 000002688B6B68A0  rejected: no stencil plane (R11G11B10_FLOAT)
[segcap    104.500 info ]        +0 000002688B6B7230  rejected: no stencil plane (R11G11B10_FLOAT)
[segcap    104.500 info ]        +0 000002688B6B7BC0  rejected: no stencil plane (R11G11B10_FLOAT)
[segcap    104.500 info ]        +0 000002688B6B9870  rejected: no stencil plane (R11G11B10_FLOAT)
[segcap    104.500 info ]        +0 000002688B6BA200  rejected: no stencil plane (other)
[segcap    104.500 info ]        +0 0000026896572F50  rejected: no stencil plane (R16G16B16A16_FLOAT)
[segcap    104.500 info ]        +0 0000026896575C80  rejected: no stencil plane (R16G16B16A16_FLOAT)
[segcap    104.500 info ]   ELECTED 000002684F23F0D0 (score 300)
[segcap    109.500 info ] --- frame 6301: 59 distinct targets observed, 0 descriptor misses ---
[segcap    109.500 info ]     readback submitted=6300 delivered=6299 dropped=0
[segcap    109.500 info ]   DS 000002684F510750 R32G8X24_TYPELESS      2560x1600 samples=1 binds=10 clears=2 depth=yes state=0x40
[segcap    109.500 info ]   DS 000002684F23F0D0 R32G8X24_TYPELESS      2560x1600 samples=1 binds=1 clears=1 depth=yes state=0x10
[segcap    109.500 info ]   DS 000002684EE56E10 R32G8X24_TYPELESS      2560x1600 samples=1 binds=10 clears=2 depth=yes state=0xE0
[segcap    109.500 info ]   election:
[segcap    109.500 info ]      +300 000002684F23F0D0  full-res + stencil; few binds (1) => CustomDepth pass; persistent (6300 frames); INCUMBENT
[segcap    109.500 info ]        +0 00000265AFCD5CD0  rejected: no stencil plane (R10G10B10A2_UNORM)
[segcap    109.500 info ]        +0 00000265AFCD6660  rejected: no stencil plane (R10G10B10A2_UNORM)
[segcap    109.500 info ]        +0 00000265AFCD8310  rejected: no stencil plane (R10G10B10A2_UNORM)
[segcap    109.500 info ]        +0 00000265B0A58D20  rejected: no stencil plane (other)
[segcap    109.500 info ]        +0 00000265B0A5F650  rejected: no stencil plane (R10G10B10A2_UNORM)
[segcap    109.500 info ]        +0 00000265B0A74A40  rejected: no stencil plane (R16G16B16A16_FLOAT)
[segcap    109.500 info ]        +0 000002684EAF8370  rejected: no stencil plane (R16G16B16A16_FLOAT)
[segcap    109.500 info ]        +0 000002684EAF8D00  rejected: no stencil plane (R16G16B16A16_FLOAT)
[segcap    109.500 info ]        +0 000002684EAF9690  rejected: no stencil plane (other)
[segcap    109.500 info ]        +0 000002684EAFA020  rejected: no stencil plane (other)
[segcap    109.500 info ]        +0 000002684EAFA9B0  rejected: no stencil plane (other)
[segcap    109.500 info ]        +0 000002684EB67520  rejected: no stencil plane (R11G11B10_FLOAT)
[segcap    109.500 info ]        +0 000002684ED941B0  rejected: no stencil plane (other)
[segcap    109.500 info ]        +0 000002684EE14EB0  rejected: no stencil plane (other)
[segcap    109.500 info ]        +0 000002684EE161D0  rejected: no stencil plane (other)
[segcap    109.500 info ]        +0 000002684EE174F0  rejected: no stencil plane (R11G11B10_FLOAT)
[segcap    109.500 info ]        +0 000002684EE56480  rejected: no stencil plane (other)
[segcap    109.500 info ]        +0 000002684EE56E10  rejected: MOST-BOUND (10 binds) => scene depth, stencil owned by UE4
[segcap    109.500 info ]        +0 000002684EE58130  rejected: no stencil plane (other)
[segcap    109.500 info ]        +0 000002684EF388F0  rejected: no stencil plane (other)
[segcap    109.500 info ]        +0 000002684EF39280  rejected: no stencil plane (R11G11B10_FLOAT)
[segcap    109.500 info ]        +0 000002684EF3AF30  rejected: no stencil plane (R11G11B10_FLOAT)
[segcap    109.500 info ]        +0 000002684EF3B8C0  rejected: no stencil plane (R16G16B16A16_FLOAT)
[segcap    109.500 info ]        +0 000002684EF3C250  rejected: no stencil plane (R11G11B10_FLOAT)
[segcap    109.500 info ]        +0 000002684EF3CBE0  rejected: no stencil plane (R11G11B10_FLOAT)
[segcap    109.500 info ]        +0 000002684EF3D570  rejected: no stencil plane (R11G11B10_FLOAT)
[segcap    109.500 info ]        +0 000002684EF3DF00  rejected: no stencil plane (R11G11B10_FLOAT)
[segcap    109.500 info ]        +0 000002684EF3E890  rejected: no stencil plane (R11G11B10_FLOAT)
[segcap    109.500 info ]        +0 000002684EF3F220  rejected: no stencil plane (R11G11B10_FLOAT)
[segcap    109.500 info ]        +0 000002684EF3FBB0  rejected: no stencil plane (R11G11B10_FLOAT)
[segcap    109.500 info ]        +0 000002684F23CA90  rejected: no stencil plane (other)
[segcap    109.500 info ]        +0 000002684F510750  rejected: MOST-BOUND (10 binds) => scene depth, stencil owned by UE4
[segcap    109.500 info ]        +0 000002684F58CE90  rejected: no stencil plane (R16G16B16A16_FLOAT)
[segcap    109.500 info ]        +0 000002684F58D820  rejected: no stencil plane (R16G16B16A16_FLOAT)
[segcap    109.500 info ]        +0 000002684F58EB40  rejected: no stencil plane (R16G16B16A16_FLOAT)
[segcap    109.500 info ]        +0 000002684F58F4D0  rejected: no stencil plane (R16G16B16A16_FLOAT)
[segcap    109.500 info ]        +0 000002684F58FE60  rejected: no stencil plane (R16G16B16A16_FLOAT)
[segcap    109.500 info ]        +0 000002684F5907F0  rejected: no stencil plane (R16G16B16A16_FLOAT)
[segcap    109.500 info ]        +0 000002684F5937C0  rejected: no stencil plane (other)
[segcap    109.500 info ]        +0 000002684FD90B80  rejected: no stencil plane (other)
[segcap    109.500 info ]        +0 000002684FD931C0  rejected: no stencil plane (R16G16B16A16_FLOAT)
[segcap    109.500 info ]        +0 00000268501540B0  rejected: no stencil plane (R16G16B16A16_FLOAT)
[segcap    109.500 info ]        +0 0000026850154A40  rejected: no stencil plane (R11G11B10_FLOAT)
[segcap    109.500 info ]        +0 00000268501566F0  rejected: no stencil plane (R16G16B16A16_FLOAT)
[segcap    109.500 info ]        +0 0000026850157080  rejected: no stencil plane (other)
[segcap    109.500 info ]        +0 0000026850157A10  rejected: no stencil plane (R11G11B10_FLOAT)
[segcap    109.500 info ]        +0 00000268501583A0  rejected: no stencil plane (R10G10B10A2_UNORM)
[segcap    109.500 info ]        +0 000002685015A050  rejected: no stencil plane (R11G11B10_FLOAT)
[segcap    109.500 info ]        +0 00000268501D4C20  rejected: no stencil plane (R11G11B10_FLOAT)
[segcap    109.500 info ]        +0 00000268765F5270  rejected: no stencil plane (R10G10B10A2_UNORM)
[segcap    109.500 info ]        +0 000002688B603B50  rejected: no stencil plane (other)
[segcap    109.500 info ]        +0 000002688B6B68A0  rejected: no stencil plane (R11G11B10_FLOAT)
[segcap    109.500 info ]        +0 000002688B6B7230  rejected: no stencil plane (R11G11B10_FLOAT)
[segcap    109.500 info ]        +0 000002688B6B7BC0  rejected: no stencil plane (R11G11B10_FLOAT)
[segcap    109.500 info ]        +0 000002688B6B9870  rejected: no stencil plane (R11G11B10_FLOAT)
[segcap    109.500 info ]        +0 000002688B6BA200  rejected: no stencil plane (other)
[segcap    109.500 info ]        +0 0000026896572F50  rejected: no stencil plane (R16G16B16A16_FLOAT)
[segcap    109.500 info ]        +0 0000026896575C80  rejected: no stencil plane (R16G16B16A16_FLOAT)
[segcap    109.500 info ]   ELECTED 000002684F23F0D0 (score 300)
[segcap    114.500 info ] --- frame 6601: 59 distinct targets observed, 0 descriptor misses ---
[segcap    114.500 info ]     readback submitted=6600 delivered=6599 dropped=0
[segcap    114.500 info ]   DS 000002684F510750 R32G8X24_TYPELESS      2560x1600 samples=1 binds=10 clears=2 depth=yes state=0x40
[segcap    114.500 info ]   DS 000002684F23F0D0 R32G8X24_TYPELESS      2560x1600 samples=1 binds=1 clears=1 depth=yes state=0x10
[segcap    114.500 info ]   DS 000002684EE56E10 R32G8X24_TYPELESS      2560x1600 samples=1 binds=10 clears=2 depth=yes state=0xE0
[segcap    114.500 info ]   election:
[segcap    114.500 info ]      +300 000002684F23F0D0  full-res + stencil; few binds (1) => CustomDepth pass; persistent (6600 frames); INCUMBENT
[segcap    114.500 info ]        +0 00000265AFCD5CD0  rejected: no stencil plane (R10G10B10A2_UNORM)
[segcap    114.500 info ]        +0 00000265AFCD6660  rejected: no stencil plane (R10G10B10A2_UNORM)
[segcap    114.500 info ]        +0 00000265AFCD8310  rejected: no stencil plane (R10G10B10A2_UNORM)
[segcap    114.500 info ]        +0 00000265B0A58D20  rejected: no stencil plane (other)
[segcap    114.500 info ]        +0 00000265B0A5F650  rejected: no stencil plane (R10G10B10A2_UNORM)
[segcap    114.500 info ]        +0 00000265B0A74A40  rejected: no stencil plane (R16G16B16A16_FLOAT)
[segcap    114.500 info ]        +0 000002684EAF8370  rejected: no stencil plane (R16G16B16A16_FLOAT)
[segcap    114.500 info ]        +0 000002684EAF8D00  rejected: no stencil plane (R16G16B16A16_FLOAT)
[segcap    114.500 info ]        +0 000002684EAF9690  rejected: no stencil plane (other)
[segcap    114.500 info ]        +0 000002684EAFA020  rejected: no stencil plane (other)
[segcap    114.500 info ]        +0 000002684EAFA9B0  rejected: no stencil plane (other)
[segcap    114.500 info ]        +0 000002684EB67520  rejected: no stencil plane (R11G11B10_FLOAT)
[segcap    114.500 info ]        +0 000002684ED941B0  rejected: no stencil plane (other)
[segcap    114.500 info ]        +0 000002684EE14EB0  rejected: no stencil plane (other)
[segcap    114.500 info ]        +0 000002684EE161D0  rejected: no stencil plane (other)
[segcap    114.500 info ]        +0 000002684EE174F0  rejected: no stencil plane (R11G11B10_FLOAT)
[segcap    114.500 info ]        +0 000002684EE56480  rejected: no stencil plane (other)
[segcap    114.500 info ]        +0 000002684EE56E10  rejected: MOST-BOUND (10 binds) => scene depth, stencil owned by UE4
[segcap    114.500 info ]        +0 000002684EE58130  rejected: no stencil plane (other)
[segcap    114.500 info ]        +0 000002684EF388F0  rejected: no stencil plane (other)
[segcap    114.500 info ]        +0 000002684EF39280  rejected: no stencil plane (R11G11B10_FLOAT)
[segcap    114.500 info ]        +0 000002684EF3AF30  rejected: no stencil plane (R11G11B10_FLOAT)
[segcap    114.500 info ]        +0 000002684EF3B8C0  rejected: no stencil plane (R16G16B16A16_FLOAT)
[segcap    114.500 info ]        +0 000002684EF3C250  rejected: no stencil plane (R11G11B10_FLOAT)
[segcap    114.500 info ]        +0 000002684EF3CBE0  rejected: no stencil plane (R11G11B10_FLOAT)
[segcap    114.500 info ]        +0 000002684EF3D570  rejected: no stencil plane (R11G11B10_FLOAT)
[segcap    114.500 info ]        +0 000002684EF3DF00  rejected: no stencil plane (R11G11B10_FLOAT)
[segcap    114.500 info ]        +0 000002684EF3E890  rejected: no stencil plane (R11G11B10_FLOAT)
[segcap    114.500 info ]        +0 000002684EF3F220  rejected: no stencil plane (R11G11B10_FLOAT)
[segcap    114.500 info ]        +0 000002684EF3FBB0  rejected: no stencil plane (R11G11B10_FLOAT)
[segcap    114.500 info ]        +0 000002684F23CA90  rejected: no stencil plane (other)
[segcap    114.500 info ]        +0 000002684F510750  rejected: MOST-BOUND (10 binds) => scene depth, stencil owned by UE4
[segcap    114.500 info ]        +0 000002684F58CE90  rejected: no stencil plane (R16G16B16A16_FLOAT)
[segcap    114.500 info ]        +0 000002684F58D820  rejected: no stencil plane (R16G16B16A16_FLOAT)
[segcap    114.500 info ]        +0 000002684F58EB40  rejected: no stencil plane (R16G16B16A16_FLOAT)
[segcap    114.500 info ]        +0 000002684F58F4D0  rejected: no stencil plane (R16G16B16A16_FLOAT)
[segcap    114.500 info ]        +0 000002684F58FE60  rejected: no stencil plane (R16G16B16A16_FLOAT)
[segcap    114.500 info ]        +0 000002684F5907F0  rejected: no stencil plane (R16G16B16A16_FLOAT)
[segcap    114.500 info ]        +0 000002684F5937C0  rejected: no stencil plane (other)
[segcap    114.500 info ]        +0 000002684FD90B80  rejected: no stencil plane (other)
[segcap    114.500 info ]        +0 000002684FD931C0  rejected: no stencil plane (R16G16B16A16_FLOAT)
[segcap    114.500 info ]        +0 00000268501540B0  rejected: no stencil plane (R16G16B16A16_FLOAT)
[segcap    114.500 info ]        +0 0000026850154A40  rejected: no stencil plane (R11G11B10_FLOAT)
[segcap    114.500 info ]        +0 00000268501566F0  rejected: no stencil plane (R16G16B16A16_FLOAT)
[segcap    114.500 info ]        +0 0000026850157080  rejected: no stencil plane (other)
[segcap    114.500 info ]        +0 0000026850157A10  rejected: no stencil plane (R11G11B10_FLOAT)
[segcap    114.500 info ]        +0 00000268501583A0  rejected: no stencil plane (R10G10B10A2_UNORM)
[segcap    114.500 info ]        +0 000002685015A050  rejected: no stencil plane (R11G11B10_FLOAT)
[segcap    114.500 info ]        +0 00000268501D4C20  rejected: no stencil plane (R11G11B10_FLOAT)
[segcap    114.500 info ]        +0 00000268765F5270  rejected: no stencil plane (R10G10B10A2_UNORM)
[segcap    114.500 info ]        +0 000002688B603B50  rejected: no stencil plane (other)
[segcap    114.500 info ]        +0 000002688B6B68A0  rejected: no stencil plane (R11G11B10_FLOAT)
[segcap    114.500 info ]        +0 000002688B6B7230  rejected: no stencil plane (R11G11B10_FLOAT)
[segcap    114.500 info ]        +0 000002688B6B7BC0  rejected: no stencil plane (R11G11B10_FLOAT)
[segcap    114.500 info ]        +0 000002688B6B9870  rejected: no stencil plane (R11G11B10_FLOAT)
[segcap    114.500 info ]        +0 000002688B6BA200  rejected: no stencil plane (other)
[segcap    114.500 info ]        +0 0000026896572F50  rejected: no stencil plane (R16G16B16A16_FLOAT)
[segcap    114.500 info ]        +0 0000026896575C80  rejected: no stencil plane (R16G16B16A16_FLOAT)
[segcap    114.500 info ]   ELECTED 000002684F23F0D0 (score 300)
[segcap    119.500 info ] --- frame 6901: 59 distinct targets observed, 0 descriptor misses ---
[segcap    119.500 info ]     readback submitted=6900 delivered=6899 dropped=0
[segcap    119.500 info ]   DS 000002684F510750 R32G8X24_TYPELESS      2560x1600 samples=1 binds=10 clears=2 depth=yes state=0x40
[segcap    119.500 info ]   DS 000002684F23F0D0 R32G8X24_TYPELESS      2560x1600 samples=1 binds=1 clears=1 depth=yes state=0x10
[segcap    119.500 info ]   DS 000002684EE56E10 R32G8X24_TYPELESS      2560x1600 samples=1 binds=10 clears=2 depth=yes state=0xE0
[segcap    119.500 info ]   election:
[segcap    119.500 info ]      +300 000002684F23F0D0  full-res + stencil; few binds (1) => CustomDepth pass; persistent (6900 frames); INCUMBENT
[segcap    119.500 info ]        +0 00000265AFCD5CD0  rejected: no stencil plane (R10G10B10A2_UNORM)
[segcap    119.500 info ]        +0 00000265AFCD6660  rejected: no stencil plane (R10G10B10A2_UNORM)
[segcap    119.500 info ]        +0 00000265AFCD8310  rejected: no stencil plane (R10G10B10A2_UNORM)
[segcap    119.500 info ]        +0 00000265B0A58D20  rejected: no stencil plane (other)
[segcap    119.500 info ]        +0 00000265B0A5F650  rejected: no stencil plane (R10G10B10A2_UNORM)
[segcap    119.500 info ]        +0 00000265B0A74A40  rejected: no stencil plane (R16G16B16A16_FLOAT)
[segcap    119.500 info ]        +0 000002684EAF8370  rejected: no stencil plane (R16G16B16A16_FLOAT)
[segcap    119.500 info ]        +0 000002684EAF8D00  rejected: no stencil plane (R16G16B16A16_FLOAT)
[segcap    119.500 info ]        +0 000002684EAF9690  rejected: no stencil plane (other)
[segcap    119.500 info ]        +0 000002684EAFA020  rejected: no stencil plane (other)
[segcap    119.500 info ]        +0 000002684EAFA9B0  rejected: no stencil plane (other)
[segcap    119.500 info ]        +0 000002684EB67520  rejected: no stencil plane (R11G11B10_FLOAT)
[segcap    119.500 info ]        +0 000002684ED941B0  rejected: no stencil plane (other)
[segcap    119.500 info ]        +0 000002684EE14EB0  rejected: no stencil plane (other)
[segcap    119.500 info ]        +0 000002684EE161D0  rejected: no stencil plane (other)
[segcap    119.500 info ]        +0 000002684EE174F0  rejected: no stencil plane (R11G11B10_FLOAT)
[segcap    119.500 info ]        +0 000002684EE56480  rejected: no stencil plane (other)
[segcap    119.500 info ]        +0 000002684EE56E10  rejected: MOST-BOUND (10 binds) => scene depth, stencil owned by UE4
[segcap    119.500 info ]        +0 000002684EE58130  rejected: no stencil plane (other)
[segcap    119.500 info ]        +0 000002684EF388F0  rejected: no stencil plane (other)
[segcap    119.500 info ]        +0 000002684EF39280  rejected: no stencil plane (R11G11B10_FLOAT)
[segcap    119.500 info ]        +0 000002684EF3AF30  rejected: no stencil plane (R11G11B10_FLOAT)
[segcap    119.500 info ]        +0 000002684EF3B8C0  rejected: no stencil plane (R16G16B16A16_FLOAT)
[segcap    119.500 info ]        +0 000002684EF3C250  rejected: no stencil plane (R11G11B10_FLOAT)
[segcap    119.500 info ]        +0 000002684EF3CBE0  rejected: no stencil plane (R11G11B10_FLOAT)
[segcap    119.500 info ]        +0 000002684EF3D570  rejected: no stencil plane (R11G11B10_FLOAT)
[segcap    119.500 info ]        +0 000002684EF3DF00  rejected: no stencil plane (R11G11B10_FLOAT)
[segcap    119.500 info ]        +0 000002684EF3E890  rejected: no stencil plane (R11G11B10_FLOAT)
[segcap    119.500 info ]        +0 000002684EF3F220  rejected: no stencil plane (R11G11B10_FLOAT)
[segcap    119.500 info ]        +0 000002684EF3FBB0  rejected: no stencil plane (R11G11B10_FLOAT)
[segcap    119.500 info ]        +0 000002684F23CA90  rejected: no stencil plane (other)
[segcap    119.500 info ]        +0 000002684F510750  rejected: MOST-BOUND (10 binds) => scene depth, stencil owned by UE4
[segcap    119.500 info ]        +0 000002684F58CE90  rejected: no stencil plane (R16G16B16A16_FLOAT)
[segcap    119.500 info ]        +0 000002684F58D820  rejected: no stencil plane (R16G16B16A16_FLOAT)
[segcap    119.500 info ]        +0 000002684F58EB40  rejected: no stencil plane (R16G16B16A16_FLOAT)
[segcap    119.500 info ]        +0 000002684F58F4D0  rejected: no stencil plane (R16G16B16A16_FLOAT)
[segcap    119.500 info ]        +0 000002684F58FE60  rejected: no stencil plane (R16G16B16A16_FLOAT)
[segcap    119.500 info ]        +0 000002684F5907F0  rejected: no stencil plane (R16G16B16A16_FLOAT)
[segcap    119.500 info ]        +0 000002684F5937C0  rejected: no stencil plane (other)
[segcap    119.500 info ]        +0 000002684FD90B80  rejected: no stencil plane (other)
[segcap    119.500 info ]        +0 000002684FD931C0  rejected: no stencil plane (R16G16B16A16_FLOAT)
[segcap    119.500 info ]        +0 00000268501540B0  rejected: no stencil plane (R16G16B16A16_FLOAT)
[segcap    119.500 info ]        +0 0000026850154A40  rejected: no stencil plane (R11G11B10_FLOAT)
[segcap    119.500 info ]        +0 00000268501566F0  rejected: no stencil plane (R16G16B16A16_FLOAT)
[segcap    119.500 info ]        +0 0000026850157080  rejected: no stencil plane (other)
[segcap    119.500 info ]        +0 0000026850157A10  rejected: no stencil plane (R11G11B10_FLOAT)
[segcap    119.500 info ]        +0 00000268501583A0  rejected: no stencil plane (R10G10B10A2_UNORM)
[segcap    119.500 info ]        +0 000002685015A050  rejected: no stencil plane (R11G11B10_FLOAT)
[segcap    119.500 info ]        +0 00000268501D4C20  rejected: no stencil plane (R11G11B10_FLOAT)
[segcap    119.500 info ]        +0 00000268765F5270  rejected: no stencil plane (R10G10B10A2_UNORM)
[segcap    119.500 info ]        +0 000002688B603B50  rejected: no stencil plane (other)
[segcap    119.500 info ]        +0 000002688B6B68A0  rejected: no stencil plane (R11G11B10_FLOAT)
[segcap    119.500 info ]        +0 000002688B6B7230  rejected: no stencil plane (R11G11B10_FLOAT)
[segcap    119.500 info ]        +0 000002688B6B7BC0  rejected: no stencil plane (R11G11B10_FLOAT)
[segcap    119.500 info ]        +0 000002688B6B9870  rejected: no stencil plane (R11G11B10_FLOAT)
[segcap    119.500 info ]        +0 000002688B6BA200  rejected: no stencil plane (other)
[segcap    119.500 info ]        +0 0000026896572F50  rejected: no stencil plane (R16G16B16A16_FLOAT)
[segcap    119.500 info ]        +0 0000026896575C80  rejected: no stencil plane (R16G16B16A16_FLOAT)
[segcap    119.500 info ]   ELECTED 000002684F23F0D0 (score 300)
[segcap    124.500 info ] --- frame 7201: 59 distinct targets observed, 0 descriptor misses ---
[segcap    124.500 info ]     readback submitted=7200 delivered=7199 dropped=0
[segcap    124.500 info ]   DS 000002684F510750 R32G8X24_TYPELESS      2560x1600 samples=1 binds=10 clears=2 depth=yes state=0x40
[segcap    124.500 info ]   DS 000002684F23F0D0 R32G8X24_TYPELESS      2560x1600 samples=1 binds=1 clears=1 depth=yes state=0x10
[segcap    124.500 info ]   DS 000002684EE56E10 R32G8X24_TYPELESS      2560x1600 samples=1 binds=10 clears=2 depth=yes state=0xE0
[segcap    124.500 info ]   election:
[segcap    124.500 info ]      +300 000002684F23F0D0  full-res + stencil; few binds (1) => CustomDepth pass; persistent (7200 frames); INCUMBENT
[segcap    124.500 info ]        +0 00000265AFCD5CD0  rejected: no stencil plane (R10G10B10A2_UNORM)
[segcap    124.500 info ]        +0 00000265AFCD6660  rejected: no stencil plane (R10G10B10A2_UNORM)
[segcap    124.500 info ]        +0 00000265AFCD8310  rejected: no stencil plane (R10G10B10A2_UNORM)
[segcap    124.500 info ]        +0 00000265B0A58D20  rejected: no stencil plane (other)
[segcap    124.500 info ]        +0 00000265B0A5F650  rejected: no stencil plane (R10G10B10A2_UNORM)
[segcap    124.500 info ]        +0 00000265B0A74A40  rejected: no stencil plane (R16G16B16A16_FLOAT)
[segcap    124.500 info ]        +0 000002684EAF8370  rejected: no stencil plane (R16G16B16A16_FLOAT)
[segcap    124.500 info ]        +0 000002684EAF8D00  rejected: no stencil plane (R16G16B16A16_FLOAT)
[segcap    124.500 info ]        +0 000002684EAF9690  rejected: no stencil plane (other)
[segcap    124.500 info ]        +0 000002684EAFA020  rejected: no stencil plane (other)
[segcap    124.500 info ]        +0 000002684EAFA9B0  rejected: no stencil plane (other)
[segcap    124.500 info ]        +0 000002684EB67520  rejected: no stencil plane (R11G11B10_FLOAT)
[segcap    124.500 info ]        +0 000002684ED941B0  rejected: no stencil plane (other)
[segcap    124.500 info ]        +0 000002684EE14EB0  rejected: no stencil plane (other)
[segcap    124.500 info ]        +0 000002684EE161D0  rejected: no stencil plane (other)
[segcap    124.500 info ]        +0 000002684EE174F0  rejected: no stencil plane (R11G11B10_FLOAT)
[segcap    124.500 info ]        +0 000002684EE56480  rejected: no stencil plane (other)
[segcap    124.500 info ]        +0 000002684EE56E10  rejected: MOST-BOUND (10 binds) => scene depth, stencil owned by UE4
[segcap    124.500 info ]        +0 000002684EE58130  rejected: no stencil plane (other)
[segcap    124.500 info ]        +0 000002684EF388F0  rejected: no stencil plane (other)
[segcap    124.500 info ]        +0 000002684EF39280  rejected: no stencil plane (R11G11B10_FLOAT)
[segcap    124.500 info ]        +0 000002684EF3AF30  rejected: no stencil plane (R11G11B10_FLOAT)
[segcap    124.500 info ]        +0 000002684EF3B8C0  rejected: no stencil plane (R16G16B16A16_FLOAT)
[segcap    124.500 info ]        +0 000002684EF3C250  rejected: no stencil plane (R11G11B10_FLOAT)
[segcap    124.500 info ]        +0 000002684EF3CBE0  rejected: no stencil plane (R11G11B10_FLOAT)
[segcap    124.500 info ]        +0 000002684EF3D570  rejected: no stencil plane (R11G11B10_FLOAT)
[segcap    124.500 info ]        +0 000002684EF3DF00  rejected: no stencil plane (R11G11B10_FLOAT)
[segcap    124.500 info ]        +0 000002684EF3E890  rejected: no stencil plane (R11G11B10_FLOAT)
[segcap    124.500 info ]        +0 000002684EF3F220  rejected: no stencil plane (R11G11B10_FLOAT)
[segcap    124.500 info ]        +0 000002684EF3FBB0  rejected: no stencil plane (R11G11B10_FLOAT)
[segcap    124.500 info ]        +0 000002684F23CA90  rejected: no stencil plane (other)
[segcap    124.500 info ]        +0 000002684F510750  rejected: MOST-BOUND (10 binds) => scene depth, stencil owned by UE4
[segcap    124.500 info ]        +0 000002684F58CE90  rejected: no stencil plane (R16G16B16A16_FLOAT)
[segcap    124.500 info ]        +0 000002684F58D820  rejected: no stencil plane (R16G16B16A16_FLOAT)
[segcap    124.500 info ]        +0 000002684F58EB40  rejected: no stencil plane (R16G16B16A16_FLOAT)
[segcap    124.500 info ]        +0 000002684F58F4D0  rejected: no stencil plane (R16G16B16A16_FLOAT)
[segcap    124.500 info ]        +0 000002684F58FE60  rejected: no stencil plane (R16G16B16A16_FLOAT)
[segcap    124.500 info ]        +0 000002684F5907F0  rejected: no stencil plane (R16G16B16A16_FLOAT)
[segcap    124.500 info ]        +0 000002684F5937C0  rejected: no stencil plane (other)
[segcap    124.500 info ]        +0 000002684FD90B80  rejected: no stencil plane (other)
[segcap    124.500 info ]        +0 000002684FD931C0  rejected: no stencil plane (R16G16B16A16_FLOAT)
[segcap    124.500 info ]        +0 00000268501540B0  rejected: no stencil plane (R16G16B16A16_FLOAT)
[segcap    124.500 info ]        +0 0000026850154A40  rejected: no stencil plane (R11G11B10_FLOAT)
[segcap    124.500 info ]        +0 00000268501566F0  rejected: no stencil plane (R16G16B16A16_FLOAT)
[segcap    124.500 info ]        +0 0000026850157080  rejected: no stencil plane (other)
[segcap    124.500 info ]        +0 0000026850157A10  rejected: no stencil plane (R11G11B10_FLOAT)
[segcap    124.500 info ]        +0 00000268501583A0  rejected: no stencil plane (R10G10B10A2_UNORM)
[segcap    124.500 info ]        +0 000002685015A050  rejected: no stencil plane (R11G11B10_FLOAT)
[segcap    124.500 info ]        +0 00000268501D4C20  rejected: no stencil plane (R11G11B10_FLOAT)
[segcap    124.500 info ]        +0 00000268765F5270  rejected: no stencil plane (R10G10B10A2_UNORM)
[segcap    124.500 info ]        +0 000002688B603B50  rejected: no stencil plane (other)
[segcap    124.500 info ]        +0 000002688B6B68A0  rejected: no stencil plane (R11G11B10_FLOAT)
[segcap    124.500 info ]        +0 000002688B6B7230  rejected: no stencil plane (R11G11B10_FLOAT)
[segcap    124.500 info ]        +0 000002688B6B7BC0  rejected: no stencil plane (R11G11B10_FLOAT)
[segcap    124.500 info ]        +0 000002688B6B9870  rejected: no stencil plane (R11G11B10_FLOAT)
[segcap    124.500 info ]        +0 000002688B6BA200  rejected: no stencil plane (other)
[segcap    124.500 info ]        +0 0000026896572F50  rejected: no stencil plane (R16G16B16A16_FLOAT)
[segcap    124.500 info ]        +0 0000026896575C80  rejected: no stencil plane (R16G16B16A16_FLOAT)
[segcap    124.500 info ]   ELECTED 000002684F23F0D0 (score 300)
[segcap    129.500 info ] --- frame 7501: 59 distinct targets observed, 0 descriptor misses ---
[segcap    129.500 info ]     readback submitted=7500 delivered=7499 dropped=0
[segcap    129.500 info ]   DS 000002684F510750 R32G8X24_TYPELESS      2560x1600 samples=1 binds=10 clears=2 depth=yes state=0x40
[segcap    129.500 info ]   DS 000002684F23F0D0 R32G8X24_TYPELESS      2560x1600 samples=1 binds=1 clears=1 depth=yes state=0x10
[segcap    129.500 info ]   DS 000002684EE56E10 R32G8X24_TYPELESS      2560x1600 samples=1 binds=10 clears=2 depth=yes state=0xE0
[segcap    129.500 info ]   election:
[segcap    129.500 info ]      +300 000002684F23F0D0  full-res + stencil; few binds (1) => CustomDepth pass; persistent (7500 frames); INCUMBENT
[segcap    129.500 info ]        +0 00000265AFCD5CD0  rejected: no stencil plane (R10G10B10A2_UNORM)
[segcap    129.500 info ]        +0 00000265AFCD6660  rejected: no stencil plane (R10G10B10A2_UNORM)
[segcap    129.500 info ]        +0 00000265AFCD8310  rejected: no stencil plane (R10G10B10A2_UNORM)
[segcap    129.500 info ]        +0 00000265B0A58D20  rejected: no stencil plane (other)
[segcap    129.500 info ]        +0 00000265B0A5F650  rejected: no stencil plane (R10G10B10A2_UNORM)
[segcap    129.500 info ]        +0 00000265B0A74A40  rejected: no stencil plane (R16G16B16A16_FLOAT)
[segcap    129.500 info ]        +0 000002684EAF8370  rejected: no stencil plane (R16G16B16A16_FLOAT)
[segcap    129.500 info ]        +0 000002684EAF8D00  rejected: no stencil plane (R16G16B16A16_FLOAT)
[segcap    129.500 info ]        +0 000002684EAF9690  rejected: no stencil plane (other)
[segcap    129.500 info ]        +0 000002684EAFA020  rejected: no stencil plane (other)
[segcap    129.500 info ]        +0 000002684EAFA9B0  rejected: no stencil plane (other)
[segcap    129.500 info ]        +0 000002684EB67520  rejected: no stencil plane (R11G11B10_FLOAT)
[segcap    129.500 info ]        +0 000002684ED941B0  rejected: no stencil plane (other)
[segcap    129.500 info ]        +0 000002684EE14EB0  rejected: no stencil plane (other)
[segcap    129.500 info ]        +0 000002684EE161D0  rejected: no stencil plane (other)
[segcap    129.500 info ]        +0 000002684EE174F0  rejected: no stencil plane (R11G11B10_FLOAT)
[segcap    129.500 info ]        +0 000002684EE56480  rejected: no stencil plane (other)
[segcap    129.500 info ]        +0 000002684EE56E10  rejected: MOST-BOUND (10 binds) => scene depth, stencil owned by UE4
[segcap    129.500 info ]        +0 000002684EE58130  rejected: no stencil plane (other)
[segcap    129.500 info ]        +0 000002684EF388F0  rejected: no stencil plane (other)
[segcap    129.500 info ]        +0 000002684EF39280  rejected: no stencil plane (R11G11B10_FLOAT)
[segcap    129.500 info ]        +0 000002684EF3AF30  rejected: no stencil plane (R11G11B10_FLOAT)
[segcap    129.500 info ]        +0 000002684EF3B8C0  rejected: no stencil plane (R16G16B16A16_FLOAT)
[segcap    129.500 info ]        +0 000002684EF3C250  rejected: no stencil plane (R11G11B10_FLOAT)
[segcap    129.500 info ]        +0 000002684EF3CBE0  rejected: no stencil plane (R11G11B10_FLOAT)
[segcap    129.500 info ]        +0 000002684EF3D570  rejected: no stencil plane (R11G11B10_FLOAT)
[segcap    129.500 info ]        +0 000002684EF3DF00  rejected: no stencil plane (R11G11B10_FLOAT)
[segcap    129.500 info ]        +0 000002684EF3E890  rejected: no stencil plane (R11G11B10_FLOAT)
[segcap    129.500 info ]        +0 000002684EF3F220  rejected: no stencil plane (R11G11B10_FLOAT)
[segcap    129.500 info ]        +0 000002684EF3FBB0  rejected: no stencil plane (R11G11B10_FLOAT)
[segcap    129.500 info ]        +0 000002684F23CA90  rejected: no stencil plane (other)
[segcap    129.500 info ]        +0 000002684F510750  rejected: MOST-BOUND (10 binds) => scene depth, stencil owned by UE4
[segcap    129.500 info ]        +0 000002684F58CE90  rejected: no stencil plane (R16G16B16A16_FLOAT)
[segcap    129.500 info ]        +0 000002684F58D820  rejected: no stencil plane (R16G16B16A16_FLOAT)
[segcap    129.500 info ]        +0 000002684F58EB40  rejected: no stencil plane (R16G16B16A16_FLOAT)
[segcap    129.500 info ]        +0 000002684F58F4D0  rejected: no stencil plane (R16G16B16A16_FLOAT)
[segcap    129.500 info ]        +0 000002684F58FE60  rejected: no stencil plane (R16G16B16A16_FLOAT)
[segcap    129.500 info ]        +0 000002684F5907F0  rejected: no stencil plane (R16G16B16A16_FLOAT)
[segcap    129.500 info ]        +0 000002684F5937C0  rejected: no stencil plane (other)
[segcap    129.500 info ]        +0 000002684FD90B80  rejected: no stencil plane (other)
[segcap    129.500 info ]        +0 000002684FD931C0  rejected: no stencil plane (R16G16B16A16_FLOAT)
[segcap    129.500 info ]        +0 00000268501540B0  rejected: no stencil plane (R16G16B16A16_FLOAT)
[segcap    129.500 info ]        +0 0000026850154A40  rejected: no stencil plane (R11G11B10_FLOAT)
[segcap    129.500 info ]        +0 00000268501566F0  rejected: no stencil plane (R16G16B16A16_FLOAT)
[segcap    129.500 info ]        +0 0000026850157080  rejected: no stencil plane (other)
[segcap    129.500 info ]        +0 0000026850157A10  rejected: no stencil plane (R11G11B10_FLOAT)
[segcap    129.500 info ]        +0 00000268501583A0  rejected: no stencil plane (R10G10B10A2_UNORM)
[segcap    129.500 info ]        +0 000002685015A050  rejected: no stencil plane (R11G11B10_FLOAT)
[segcap    129.500 info ]        +0 00000268501D4C20  rejected: no stencil plane (R11G11B10_FLOAT)
[segcap    129.500 info ]        +0 00000268765F5270  rejected: no stencil plane (R10G10B10A2_UNORM)
[segcap    129.500 info ]        +0 000002688B603B50  rejected: no stencil plane (other)
[segcap    129.500 info ]        +0 000002688B6B68A0  rejected: no stencil plane (R11G11B10_FLOAT)
[segcap    129.500 info ]        +0 000002688B6B7230  rejected: no stencil plane (R11G11B10_FLOAT)
[segcap    129.500 info ]        +0 000002688B6B7BC0  rejected: no stencil plane (R11G11B10_FLOAT)
[segcap    129.500 info ]        +0 000002688B6B9870  rejected: no stencil plane (R11G11B10_FLOAT)
[segcap    129.500 info ]        +0 000002688B6BA200  rejected: no stencil plane (other)
[segcap    129.500 info ]        +0 0000026896572F50  rejected: no stencil plane (R16G16B16A16_FLOAT)
[segcap    129.500 info ]        +0 0000026896575C80  rejected: no stencil plane (R16G16B16A16_FLOAT)
[segcap    129.500 info ]   ELECTED 000002684F23F0D0 (score 300)
[segcap    131.312 info ] ue4: 6361 readable regions mapped
[segcap    131.312 info ] ue4: [t+120s] array has 196014 slots; sampled 21780 (every 9)
[segcap    131.312 info ] ue4:   resolved=4427  nullObject=17353  failedValidation=0  nullChunk=0  unreadable=0
[segcap    131.312 info ] ue4:       1169  Function
[segcap    131.312 info ] ue4:        511  Package
[segcap    131.312 info ] ue4:        288  Class
[segcap    131.312 info ] ue4:        285  SoundWave
[segcap    131.312 info ] ue4:        204  SoundNodeWavePlayer
[segcap    131.312 info ] ue4:        201  ScriptStruct
[segcap    131.312 info ] ue4:        120  Enum
[segcap    131.312 info ] ue4:         66  TimelineComponent
[segcap    131.312 info ] ue4:         53  MovieSceneBuiltInEasingFunction
[segcap    131.312 info ] ue4:         46  SceneComponent
[segcap    131.312 info ] ue4:         45  AudioComponent
[segcap    131.312 info ] ue4:         44  Texture2D
[segcap    131.312 info ] ue4:         42  DelegateFunction
[segcap    131.312 info ] ue4:         38  CanvasPanelSlot
[segcap    131.344 info ] customdepth: marked 0 primitives (attempted 267, verified 267, rejected 0)
[segcap    131.344 info ] customdepth: engine setter flipped the bit on 267/267 -- the UFunction calls ARE taking effect
[segcap    134.500 info ] --- frame 7801: 59 distinct targets observed, 0 descriptor misses ---
[segcap    134.500 info ]     readback submitted=7800 delivered=7799 dropped=0
[segcap    134.500 info ]   DS 000002684F510750 R32G8X24_TYPELESS      2560x1600 samples=1 binds=10 clears=2 depth=yes state=0x40
[segcap    134.500 info ]   DS 000002684F23F0D0 R32G8X24_TYPELESS      2560x1600 samples=1 binds=1 clears=1 depth=yes state=0x10
[segcap    134.500 info ]   DS 000002684EE56E10 R32G8X24_TYPELESS      2560x1600 samples=1 binds=10 clears=2 depth=yes state=0xE0
[segcap    134.500 info ]   election:
[segcap    134.500 info ]      +300 000002684F23F0D0  full-res + stencil; few binds (1) => CustomDepth pass; persistent (7800 frames); INCUMBENT
[segcap    134.500 info ]        +0 00000265AFCD5CD0  rejected: no stencil plane (R10G10B10A2_UNORM)
[segcap    134.500 info ]        +0 00000265AFCD6660  rejected: no stencil plane (R10G10B10A2_UNORM)
[segcap    134.500 info ]        +0 00000265AFCD8310  rejected: no stencil plane (R10G10B10A2_UNORM)
[segcap    134.500 info ]        +0 00000265B0A58D20  rejected: no stencil plane (other)
[segcap    134.500 info ]        +0 00000265B0A5F650  rejected: no stencil plane (R10G10B10A2_UNORM)
[segcap    134.500 info ]        +0 00000265B0A74A40  rejected: no stencil plane (R16G16B16A16_FLOAT)
[segcap    134.500 info ]        +0 000002684EAF8370  rejected: no stencil plane (R16G16B16A16_FLOAT)
[segcap    134.500 info ]        +0 000002684EAF8D00  rejected: no stencil plane (R16G16B16A16_FLOAT)
[segcap    134.500 info ]        +0 000002684EAF9690  rejected: no stencil plane (other)
[segcap    134.500 info ]        +0 000002684EAFA020  rejected: no stencil plane (other)
[segcap    134.500 info ]        +0 000002684EAFA9B0  rejected: no stencil plane (other)
[segcap    134.500 info ]        +0 000002684EB67520  rejected: no stencil plane (R11G11B10_FLOAT)
[segcap    134.500 info ]        +0 000002684ED941B0  rejected: no stencil plane (other)
[segcap    134.500 info ]        +0 000002684EE14EB0  rejected: no stencil plane (other)
[segcap    134.500 info ]        +0 000002684EE161D0  rejected: no stencil plane (other)
[segcap    134.500 info ]        +0 000002684EE174F0  rejected: no stencil plane (R11G11B10_FLOAT)
[segcap    134.500 info ]        +0 000002684EE56480  rejected: no stencil plane (other)
[segcap    134.500 info ]        +0 000002684EE56E10  rejected: MOST-BOUND (10 binds) => scene depth, stencil owned by UE4
[segcap    134.500 info ]        +0 000002684EE58130  rejected: no stencil plane (other)
[segcap    134.500 info ]        +0 000002684EF388F0  rejected: no stencil plane (other)
[segcap    134.500 info ]        +0 000002684EF39280  rejected: no stencil plane (R11G11B10_FLOAT)
[segcap    134.500 info ]        +0 000002684EF3AF30  rejected: no stencil plane (R11G11B10_FLOAT)
[segcap    134.500 info ]        +0 000002684EF3B8C0  rejected: no stencil plane (R16G16B16A16_FLOAT)
[segcap    134.500 info ]        +0 000002684EF3C250  rejected: no stencil plane (R11G11B10_FLOAT)
[segcap    134.500 info ]        +0 000002684EF3CBE0  rejected: no stencil plane (R11G11B10_FLOAT)
[segcap    134.500 info ]        +0 000002684EF3D570  rejected: no stencil plane (R11G11B10_FLOAT)
[segcap    134.500 info ]        +0 000002684EF3DF00  rejected: no stencil plane (R11G11B10_FLOAT)
[segcap    134.500 info ]        +0 000002684EF3E890  rejected: no stencil plane (R11G11B10_FLOAT)
[segcap    134.500 info ]        +0 000002684EF3F220  rejected: no stencil plane (R11G11B10_FLOAT)
[segcap    134.500 info ]        +0 000002684EF3FBB0  rejected: no stencil plane (R11G11B10_FLOAT)
[segcap    134.500 info ]        +0 000002684F23CA90  rejected: no stencil plane (other)
[segcap    134.500 info ]        +0 000002684F510750  rejected: MOST-BOUND (10 binds) => scene depth, stencil owned by UE4
[segcap    134.500 info ]        +0 000002684F58CE90  rejected: no stencil plane (R16G16B16A16_FLOAT)
[segcap    134.500 info ]        +0 000002684F58D820  rejected: no stencil plane (R16G16B16A16_FLOAT)
[segcap    134.500 info ]        +0 000002684F58EB40  rejected: no stencil plane (R16G16B16A16_FLOAT)
[segcap    134.500 info ]        +0 000002684F58F4D0  rejected: no stencil plane (R16G16B16A16_FLOAT)
[segcap    134.500 info ]        +0 000002684F58FE60  rejected: no stencil plane (R16G16B16A16_FLOAT)
[segcap    134.500 info ]        +0 000002684F5907F0  rejected: no stencil plane (R16G16B16A16_FLOAT)
[segcap    134.500 info ]        +0 000002684F5937C0  rejected: no stencil plane (other)
[segcap    134.500 info ]        +0 000002684FD90B80  rejected: no stencil plane (other)
[segcap    134.500 info ]        +0 000002684FD931C0  rejected: no stencil plane (R16G16B16A16_FLOAT)
[segcap    134.500 info ]        +0 00000268501540B0  rejected: no stencil plane (R16G16B16A16_FLOAT)
[segcap    134.500 info ]        +0 0000026850154A40  rejected: no stencil plane (R11G11B10_FLOAT)
[segcap    134.500 info ]        +0 00000268501566F0  rejected: no stencil plane (R16G16B16A16_FLOAT)
[segcap    134.500 info ]        +0 0000026850157080  rejected: no stencil plane (other)
[segcap    134.500 info ]        +0 0000026850157A10  rejected: no stencil plane (R11G11B10_FLOAT)
[segcap    134.500 info ]        +0 00000268501583A0  rejected: no stencil plane (R10G10B10A2_UNORM)
[segcap    134.500 info ]        +0 000002685015A050  rejected: no stencil plane (R11G11B10_FLOAT)
[segcap    134.500 info ]        +0 00000268501D4C20  rejected: no stencil plane (R11G11B10_FLOAT)
[segcap    134.500 info ]        +0 00000268765F5270  rejected: no stencil plane (R10G10B10A2_UNORM)
[segcap    134.500 info ]        +0 000002688B603B50  rejected: no stencil plane (other)
[segcap    134.500 info ]        +0 000002688B6B68A0  rejected: no stencil plane (R11G11B10_FLOAT)
[segcap    134.500 info ]        +0 000002688B6B7230  rejected: no stencil plane (R11G11B10_FLOAT)
[segcap    134.500 info ]        +0 000002688B6B7BC0  rejected: no stencil plane (R11G11B10_FLOAT)
[segcap    134.500 info ]        +0 000002688B6B9870  rejected: no stencil plane (R11G11B10_FLOAT)
[segcap    134.500 info ]        +0 000002688B6BA200  rejected: no stencil plane (other)
[segcap    134.500 info ]        +0 0000026896572F50  rejected: no stencil plane (R16G16B16A16_FLOAT)
[segcap    134.500 info ]        +0 0000026896575C80  rejected: no stencil plane (R16G16B16A16_FLOAT)
[segcap    134.500 info ]   ELECTED 000002684F23F0D0 (score 300)
[segcap    139.500 info ] --- frame 8101: 59 distinct targets observed, 0 descriptor misses ---
[segcap    139.500 info ]     readback submitted=8100 delivered=8099 dropped=0
[segcap    139.500 info ]   DS 000002684F510750 R32G8X24_TYPELESS      2560x1600 samples=1 binds=10 clears=2 depth=yes state=0x40
[segcap    139.500 info ]   DS 000002684F23F0D0 R32G8X24_TYPELESS      2560x1600 samples=1 binds=1 clears=1 depth=yes state=0x10
[segcap    139.500 info ]   DS 000002684EE56E10 R32G8X24_TYPELESS      2560x1600 samples=1 binds=10 clears=2 depth=yes state=0xE0
[segcap    139.500 info ]   election:
[segcap    139.500 info ]      +300 000002684F23F0D0  full-res + stencil; few binds (1) => CustomDepth pass; persistent (8100 frames); INCUMBENT
[segcap    139.500 info ]        +0 00000265AFCD5CD0  rejected: no stencil plane (R10G10B10A2_UNORM)
[segcap    139.500 info ]        +0 00000265AFCD6660  rejected: no stencil plane (R10G10B10A2_UNORM)
[segcap    139.500 info ]        +0 00000265AFCD8310  rejected: no stencil plane (R10G10B10A2_UNORM)
[segcap    139.500 info ]        +0 00000265B0A58D20  rejected: no stencil plane (other)
[segcap    139.500 info ]        +0 00000265B0A5F650  rejected: no stencil plane (R10G10B10A2_UNORM)
[segcap    139.500 info ]        +0 00000265B0A74A40  rejected: no stencil plane (R16G16B16A16_FLOAT)
[segcap    139.500 info ]        +0 000002684EAF8370  rejected: no stencil plane (R16G16B16A16_FLOAT)
[segcap    139.500 info ]        +0 000002684EAF8D00  rejected: no stencil plane (R16G16B16A16_FLOAT)
[segcap    139.500 info ]        +0 000002684EAF9690  rejected: no stencil plane (other)
[segcap    139.500 info ]        +0 000002684EAFA020  rejected: no stencil plane (other)
[segcap    139.500 info ]        +0 000002684EAFA9B0  rejected: no stencil plane (other)
[segcap    139.500 info ]        +0 000002684EB67520  rejected: no stencil plane (R11G11B10_FLOAT)
[segcap    139.500 info ]        +0 000002684ED941B0  rejected: no stencil plane (other)
[segcap    139.500 info ]        +0 000002684EE14EB0  rejected: no stencil plane (other)
[segcap    139.500 info ]        +0 000002684EE161D0  rejected: no stencil plane (other)
[segcap    139.500 info ]        +0 000002684EE174F0  rejected: no stencil plane (R11G11B10_FLOAT)
[segcap    139.500 info ]        +0 000002684EE56480  rejected: no stencil plane (other)
[segcap    139.500 info ]        +0 000002684EE56E10  rejected: MOST-BOUND (10 binds) => scene depth, stencil owned by UE4
[segcap    139.500 info ]        +0 000002684EE58130  rejected: no stencil plane (other)
[segcap    139.500 info ]        +0 000002684EF388F0  rejected: no stencil plane (other)
[segcap    139.500 info ]        +0 000002684EF39280  rejected: no stencil plane (R11G11B10_FLOAT)
[segcap    139.500 info ]        +0 000002684EF3AF30  rejected: no stencil plane (R11G11B10_FLOAT)
[segcap    139.500 info ]        +0 000002684EF3B8C0  rejected: no stencil plane (R16G16B16A16_FLOAT)
[segcap    139.500 info ]        +0 000002684EF3C250  rejected: no stencil plane (R11G11B10_FLOAT)
[segcap    139.500 info ]        +0 000002684EF3CBE0  rejected: no stencil plane (R11G11B10_FLOAT)
[segcap    139.500 info ]        +0 000002684EF3D570  rejected: no stencil plane (R11G11B10_FLOAT)
[segcap    139.500 info ]        +0 000002684EF3DF00  rejected: no stencil plane (R11G11B10_FLOAT)
[segcap    139.500 info ]        +0 000002684EF3E890  rejected: no stencil plane (R11G11B10_FLOAT)
[segcap    139.500 info ]        +0 000002684EF3F220  rejected: no stencil plane (R11G11B10_FLOAT)
[segcap    139.500 info ]        +0 000002684EF3FBB0  rejected: no stencil plane (R11G11B10_FLOAT)
[segcap    139.500 info ]        +0 000002684F23CA90  rejected: no stencil plane (other)
[segcap    139.500 info ]        +0 000002684F510750  rejected: MOST-BOUND (10 binds) => scene depth, stencil owned by UE4
[segcap    139.500 info ]        +0 000002684F58CE90  rejected: no stencil plane (R16G16B16A16_FLOAT)
[segcap    139.500 info ]        +0 000002684F58D820  rejected: no stencil plane (R16G16B16A16_FLOAT)
[segcap    139.500 info ]        +0 000002684F58EB40  rejected: no stencil plane (R16G16B16A16_FLOAT)
[segcap    139.500 info ]        +0 000002684F58F4D0  rejected: no stencil plane (R16G16B16A16_FLOAT)
[segcap    139.500 info ]        +0 000002684F58FE60  rejected: no stencil plane (R16G16B16A16_FLOAT)
[segcap    139.500 info ]        +0 000002684F5907F0  rejected: no stencil plane (R16G16B16A16_FLOAT)
[segcap    139.500 info ]        +0 000002684F5937C0  rejected: no stencil plane (other)
[segcap    139.500 info ]        +0 000002684FD90B80  rejected: no stencil plane (other)
[segcap    139.500 info ]        +0 000002684FD931C0  rejected: no stencil plane (R16G16B16A16_FLOAT)
[segcap    139.500 info ]        +0 00000268501540B0  rejected: no stencil plane (R16G16B16A16_FLOAT)
[segcap    139.500 info ]        +0 0000026850154A40  rejected: no stencil plane (R11G11B10_FLOAT)
[segcap    139.500 info ]        +0 00000268501566F0  rejected: no stencil plane (R16G16B16A16_FLOAT)
[segcap    139.500 info ]        +0 0000026850157080  rejected: no stencil plane (other)
[segcap    139.500 info ]        +0 0000026850157A10  rejected: no stencil plane (R11G11B10_FLOAT)
[segcap    139.500 info ]        +0 00000268501583A0  rejected: no stencil plane (R10G10B10A2_UNORM)
[segcap    139.500 info ]        +0 000002685015A050  rejected: no stencil plane (R11G11B10_FLOAT)
[segcap    139.500 info ]        +0 00000268501D4C20  rejected: no stencil plane (R11G11B10_FLOAT)
[segcap    139.500 info ]        +0 00000268765F5270  rejected: no stencil plane (R10G10B10A2_UNORM)
[segcap    139.500 info ]        +0 000002688B603B50  rejected: no stencil plane (other)
[segcap    139.500 info ]        +0 000002688B6B68A0  rejected: no stencil plane (R11G11B10_FLOAT)
[segcap    139.500 info ]        +0 000002688B6B7230  rejected: no stencil plane (R11G11B10_FLOAT)
[segcap    139.500 info ]        +0 000002688B6B7BC0  rejected: no stencil plane (R11G11B10_FLOAT)
[segcap    139.500 info ]        +0 000002688B6B9870  rejected: no stencil plane (R11G11B10_FLOAT)
[segcap    139.500 info ]        +0 000002688B6BA200  rejected: no stencil plane (other)
[segcap    139.500 info ]        +0 0000026896572F50  rejected: no stencil plane (R16G16B16A16_FLOAT)
[segcap    139.500 info ]        +0 0000026896575C80  rejected: no stencil plane (R16G16B16A16_FLOAT)
[segcap    139.500 info ]   ELECTED 000002684F23F0D0 (score 300)
[segcap    144.500 info ] --- frame 8401: 59 distinct targets observed, 0 descriptor misses ---
[segcap    144.500 info ]     readback submitted=8400 delivered=8399 dropped=0
[segcap    144.500 info ]   DS 000002684F510750 R32G8X24_TYPELESS      2560x1600 samples=1 binds=10 clears=2 depth=yes state=0x40
[segcap    144.500 info ]   DS 000002684F23F0D0 R32G8X24_TYPELESS      2560x1600 samples=1 binds=1 clears=1 depth=yes state=0x10
[segcap    144.500 info ]   DS 000002684EE56E10 R32G8X24_TYPELESS      2560x1600 samples=1 binds=10 clears=2 depth=yes state=0xE0
[segcap    144.500 info ]   election:
[segcap    144.500 info ]      +300 000002684F23F0D0  full-res + stencil; few binds (1) => CustomDepth pass; persistent (8400 frames); INCUMBENT
[segcap    144.500 info ]        +0 00000265AFCD5CD0  rejected: no stencil plane (R10G10B10A2_UNORM)
[segcap    144.500 info ]        +0 00000265AFCD6660  rejected: no stencil plane (R10G10B10A2_UNORM)
[segcap    144.500 info ]        +0 00000265AFCD8310  rejected: no stencil plane (R10G10B10A2_UNORM)
[segcap    144.500 info ]        +0 00000265B0A58D20  rejected: no stencil plane (other)
[segcap    144.500 info ]        +0 00000265B0A5F650  rejected: no stencil plane (R10G10B10A2_UNORM)
[segcap    144.500 info ]        +0 00000265B0A74A40  rejected: no stencil plane (R16G16B16A16_FLOAT)
[segcap    144.500 info ]        +0 000002684EAF8370  rejected: no stencil plane (R16G16B16A16_FLOAT)
[segcap    144.500 info ]        +0 000002684EAF8D00  rejected: no stencil plane (R16G16B16A16_FLOAT)
[segcap    144.500 info ]        +0 000002684EAF9690  rejected: no stencil plane (other)
[segcap    144.500 info ]        +0 000002684EAFA020  rejected: no stencil plane (other)
[segcap    144.500 info ]        +0 000002684EAFA9B0  rejected: no stencil plane (other)
[segcap    144.500 info ]        +0 000002684EB67520  rejected: no stencil plane (R11G11B10_FLOAT)
[segcap    144.500 info ]        +0 000002684ED941B0  rejected: no stencil plane (other)
[segcap    144.500 info ]        +0 000002684EE14EB0  rejected: no stencil plane (other)
[segcap    144.500 info ]        +0 000002684EE161D0  rejected: no stencil plane (other)
[segcap    144.500 info ]        +0 000002684EE174F0  rejected: no stencil plane (R11G11B10_FLOAT)
[segcap    144.500 info ]        +0 000002684EE56480  rejected: no stencil plane (other)
[segcap    144.500 info ]        +0 000002684EE56E10  rejected: MOST-BOUND (10 binds) => scene depth, stencil owned by UE4
[segcap    144.500 info ]        +0 000002684EE58130  rejected: no stencil plane (other)
[segcap    144.500 info ]        +0 000002684EF388F0  rejected: no stencil plane (other)
[segcap    144.500 info ]        +0 000002684EF39280  rejected: no stencil plane (R11G11B10_FLOAT)
[segcap    144.500 info ]        +0 000002684EF3AF30  rejected: no stencil plane (R11G11B10_FLOAT)
[segcap    144.500 info ]        +0 000002684EF3B8C0  rejected: no stencil plane (R16G16B16A16_FLOAT)
[segcap    144.500 info ]        +0 000002684EF3C250  rejected: no stencil plane (R11G11B10_FLOAT)
[segcap    144.500 info ]        +0 000002684EF3CBE0  rejected: no stencil plane (R11G11B10_FLOAT)
[segcap    144.500 info ]        +0 000002684EF3D570  rejected: no stencil plane (R11G11B10_FLOAT)
[segcap    144.500 info ]        +0 000002684EF3DF00  rejected: no stencil plane (R11G11B10_FLOAT)
[segcap    144.500 info ]        +0 000002684EF3E890  rejected: no stencil plane (R11G11B10_FLOAT)
[segcap    144.500 info ]        +0 000002684EF3F220  rejected: no stencil plane (R11G11B10_FLOAT)
[segcap    144.500 info ]        +0 000002684EF3FBB0  rejected: no stencil plane (R11G11B10_FLOAT)
[segcap    144.500 info ]        +0 000002684F23CA90  rejected: no stencil plane (other)
[segcap    144.500 info ]        +0 000002684F510750  rejected: MOST-BOUND (10 binds) => scene depth, stencil owned by UE4
[segcap    144.500 info ]        +0 000002684F58CE90  rejected: no stencil plane (R16G16B16A16_FLOAT)
[segcap    144.500 info ]        +0 000002684F58D820  rejected: no stencil plane (R16G16B16A16_FLOAT)
[segcap    144.500 info ]        +0 000002684F58EB40  rejected: no stencil plane (R16G16B16A16_FLOAT)
[segcap    144.500 info ]        +0 000002684F58F4D0  rejected: no stencil plane (R16G16B16A16_FLOAT)
[segcap    144.500 info ]        +0 000002684F58FE60  rejected: no stencil plane (R16G16B16A16_FLOAT)
[segcap    144.500 info ]        +0 000002684F5907F0  rejected: no stencil plane (R16G16B16A16_FLOAT)
[segcap    144.500 info ]        +0 000002684F5937C0  rejected: no stencil plane (other)
[segcap    144.500 info ]        +0 000002684FD90B80  rejected: no stencil plane (other)
[segcap    144.500 info ]        +0 000002684FD931C0  rejected: no stencil plane (R16G16B16A16_FLOAT)
[segcap    144.500 info ]        +0 00000268501540B0  rejected: no stencil plane (R16G16B16A16_FLOAT)
[segcap    144.500 info ]        +0 0000026850154A40  rejected: no stencil plane (R11G11B10_FLOAT)
[segcap    144.500 info ]        +0 00000268501566F0  rejected: no stencil plane (R16G16B16A16_FLOAT)
[segcap    144.500 info ]        +0 0000026850157080  rejected: no stencil plane (other)
[segcap    144.500 info ]        +0 0000026850157A10  rejected: no stencil plane (R11G11B10_FLOAT)
[segcap    144.500 info ]        +0 00000268501583A0  rejected: no stencil plane (R10G10B10A2_UNORM)
[segcap    144.500 info ]        +0 000002685015A050  rejected: no stencil plane (R11G11B10_FLOAT)
[segcap    144.500 info ]        +0 00000268501D4C20  rejected: no stencil plane (R11G11B10_FLOAT)
[segcap    144.500 info ]        +0 00000268765F5270  rejected: no stencil plane (R10G10B10A2_UNORM)
[segcap    144.500 info ]        +0 000002688B603B50  rejected: no stencil plane (other)
[segcap    144.500 info ]        +0 000002688B6B68A0  rejected: no stencil plane (R11G11B10_FLOAT)
[segcap    144.500 info ]        +0 000002688B6B7230  rejected: no stencil plane (R11G11B10_FLOAT)
[segcap    144.500 info ]        +0 000002688B6B7BC0  rejected: no stencil plane (R11G11B10_FLOAT)
[segcap    144.500 info ]        +0 000002688B6B9870  rejected: no stencil plane (R11G11B10_FLOAT)
[segcap    144.500 info ]        +0 000002688B6BA200  rejected: no stencil plane (other)
[segcap    144.500 info ]        +0 0000026896572F50  rejected: no stencil plane (R16G16B16A16_FLOAT)
[segcap    144.500 info ]        +0 0000026896575C80  rejected: no stencil plane (R16G16B16A16_FLOAT)
[segcap    144.500 info ]   ELECTED 000002684F23F0D0 (score 300)
[segcap    149.500 info ] --- frame 8701: 59 distinct targets observed, 0 descriptor misses ---
[segcap    149.500 info ]     readback submitted=8700 delivered=8699 dropped=0
[segcap    149.500 info ]   DS 000002684F510750 R32G8X24_TYPELESS      2560x1600 samples=1 binds=10 clears=2 depth=yes state=0x40
[segcap    149.500 info ]   DS 000002684F23F0D0 R32G8X24_TYPELESS      2560x1600 samples=1 binds=1 clears=1 depth=yes state=0x10
[segcap    149.500 info ]   DS 000002684EE56E10 R32G8X24_TYPELESS      2560x1600 samples=1 binds=10 clears=2 depth=yes state=0xE0
[segcap    149.500 info ]   election:
[segcap    149.500 info ]      +300 000002684F23F0D0  full-res + stencil; few binds (1) => CustomDepth pass; persistent (8700 frames); INCUMBENT
[segcap    149.500 info ]        +0 00000265AFCD5CD0  rejected: no stencil plane (R10G10B10A2_UNORM)
[segcap    149.500 info ]        +0 00000265AFCD6660  rejected: no stencil plane (R10G10B10A2_UNORM)
[segcap    149.500 info ]        +0 00000265AFCD8310  rejected: no stencil plane (R10G10B10A2_UNORM)
[segcap    149.500 info ]        +0 00000265B0A58D20  rejected: no stencil plane (other)
[segcap    149.500 info ]        +0 00000265B0A5F650  rejected: no stencil plane (R10G10B10A2_UNORM)
[segcap    149.500 info ]        +0 00000265B0A74A40  rejected: no stencil plane (R16G16B16A16_FLOAT)
[segcap    149.500 info ]        +0 000002684EAF8370  rejected: no stencil plane (R16G16B16A16_FLOAT)
[segcap    149.500 info ]        +0 000002684EAF8D00  rejected: no stencil plane (R16G16B16A16_FLOAT)
[segcap    149.500 info ]        +0 000002684EAF9690  rejected: no stencil plane (other)
[segcap    149.500 info ]        +0 000002684EAFA020  rejected: no stencil plane (other)
[segcap    149.500 info ]        +0 000002684EAFA9B0  rejected: no stencil plane (other)
[segcap    149.500 info ]        +0 000002684EB67520  rejected: no stencil plane (R11G11B10_FLOAT)
[segcap    149.500 info ]        +0 000002684ED941B0  rejected: no stencil plane (other)
[segcap    149.500 info ]        +0 000002684EE14EB0  rejected: no stencil plane (other)
[segcap    149.500 info ]        +0 000002684EE161D0  rejected: no stencil plane (other)
[segcap    149.500 info ]        +0 000002684EE174F0  rejected: no stencil plane (R11G11B10_FLOAT)
[segcap    149.500 info ]        +0 000002684EE56480  rejected: no stencil plane (other)
[segcap    149.500 info ]        +0 000002684EE56E10  rejected: MOST-BOUND (10 binds) => scene depth, stencil owned by UE4
[segcap    149.500 info ]        +0 000002684EE58130  rejected: no stencil plane (other)
[segcap    149.500 info ]        +0 000002684EF388F0  rejected: no stencil plane (other)
[segcap    149.500 info ]        +0 000002684EF39280  rejected: no stencil plane (R11G11B10_FLOAT)
[segcap    149.500 info ]        +0 000002684EF3AF30  rejected: no stencil plane (R11G11B10_FLOAT)
[segcap    149.500 info ]        +0 000002684EF3B8C0  rejected: no stencil plane (R16G16B16A16_FLOAT)
[segcap    149.500 info ]        +0 000002684EF3C250  rejected: no stencil plane (R11G11B10_FLOAT)
[segcap    149.500 info ]        +0 000002684EF3CBE0  rejected: no stencil plane (R11G11B10_FLOAT)
[segcap    149.500 info ]        +0 000002684EF3D570  rejected: no stencil plane (R11G11B10_FLOAT)
[segcap    149.500 info ]        +0 000002684EF3DF00  rejected: no stencil plane (R11G11B10_FLOAT)
[segcap    149.500 info ]        +0 000002684EF3E890  rejected: no stencil plane (R11G11B10_FLOAT)
[segcap    149.500 info ]        +0 000002684EF3F220  rejected: no stencil plane (R11G11B10_FLOAT)
[segcap    149.500 info ]        +0 000002684EF3FBB0  rejected: no stencil plane (R11G11B10_FLOAT)
[segcap    149.500 info ]        +0 000002684F23CA90  rejected: no stencil plane (other)
[segcap    149.500 info ]        +0 000002684F510750  rejected: MOST-BOUND (10 binds) => scene depth, stencil owned by UE4
[segcap    149.500 info ]        +0 000002684F58CE90  rejected: no stencil plane (R16G16B16A16_FLOAT)
[segcap    149.500 info ]        +0 000002684F58D820  rejected: no stencil plane (R16G16B16A16_FLOAT)
[segcap    149.500 info ]        +0 000002684F58EB40  rejected: no stencil plane (R16G16B16A16_FLOAT)
[segcap    149.500 info ]        +0 000002684F58F4D0  rejected: no stencil plane (R16G16B16A16_FLOAT)
[segcap    149.500 info ]        +0 000002684F58FE60  rejected: no stencil plane (R16G16B16A16_FLOAT)
[segcap    149.500 info ]        +0 000002684F5907F0  rejected: no stencil plane (R16G16B16A16_FLOAT)
[segcap    149.500 info ]        +0 000002684F5937C0  rejected: no stencil plane (other)
[segcap    149.500 info ]        +0 000002684FD90B80  rejected: no stencil plane (other)
[segcap    149.500 info ]        +0 000002684FD931C0  rejected: no stencil plane (R16G16B16A16_FLOAT)
[segcap    149.500 info ]        +0 00000268501540B0  rejected: no stencil plane (R16G16B16A16_FLOAT)
[segcap    149.500 info ]        +0 0000026850154A40  rejected: no stencil plane (R11G11B10_FLOAT)
[segcap    149.500 info ]        +0 00000268501566F0  rejected: no stencil plane (R16G16B16A16_FLOAT)
[segcap    149.500 info ]        +0 0000026850157080  rejected: no stencil plane (other)
[segcap    149.500 info ]        +0 0000026850157A10  rejected: no stencil plane (R11G11B10_FLOAT)
[segcap    149.500 info ]        +0 00000268501583A0  rejected: no stencil plane (R10G10B10A2_UNORM)
[segcap    149.500 info ]        +0 000002685015A050  rejected: no stencil plane (R11G11B10_FLOAT)
[segcap    149.500 info ]        +0 00000268501D4C20  rejected: no stencil plane (R11G11B10_FLOAT)
[segcap    149.500 info ]        +0 00000268765F5270  rejected: no stencil plane (R10G10B10A2_UNORM)
[segcap    149.500 info ]        +0 000002688B603B50  rejected: no stencil plane (other)
[segcap    149.500 info ]        +0 000002688B6B68A0  rejected: no stencil plane (R11G11B10_FLOAT)
[segcap    149.500 info ]        +0 000002688B6B7230  rejected: no stencil plane (R11G11B10_FLOAT)
[segcap    149.500 info ]        +0 000002688B6B7BC0  rejected: no stencil plane (R11G11B10_FLOAT)
[segcap    149.500 info ]        +0 000002688B6B9870  rejected: no stencil plane (R11G11B10_FLOAT)
[segcap    149.500 info ]        +0 000002688B6BA200  rejected: no stencil plane (other)
[segcap    149.500 info ]        +0 0000026896572F50  rejected: no stencil plane (R16G16B16A16_FLOAT)
[segcap    149.500 info ]        +0 0000026896575C80  rejected: no stencil plane (R16G16B16A16_FLOAT)
[segcap    149.500 info ]   ELECTED 000002684F23F0D0 (score 300)
[segcap    154.500 info ] --- frame 9001: 59 distinct targets observed, 0 descriptor misses ---
[segcap    154.500 info ]     readback submitted=9000 delivered=8999 dropped=0
[segcap    154.500 info ]   DS 000002684F510750 R32G8X24_TYPELESS      2560x1600 samples=1 binds=10 clears=2 depth=yes state=0x40
[segcap    154.500 info ]   DS 000002684F23F0D0 R32G8X24_TYPELESS      2560x1600 samples=1 binds=1 clears=1 depth=yes state=0x10
[segcap    154.500 info ]   DS 000002684EE56E10 R32G8X24_TYPELESS      2560x1600 samples=1 binds=10 clears=2 depth=yes state=0xE0
[segcap    154.500 info ]   election:
[segcap    154.500 info ]      +300 000002684F23F0D0  full-res + stencil; few binds (1) => CustomDepth pass; persistent (9000 frames); INCUMBENT
[segcap    154.500 info ]        +0 00000265AFCD5CD0  rejected: no stencil plane (R10G10B10A2_UNORM)
[segcap    154.500 info ]        +0 00000265AFCD6660  rejected: no stencil plane (R10G10B10A2_UNORM)
[segcap    154.500 info ]        +0 00000265AFCD8310  rejected: no stencil plane (R10G10B10A2_UNORM)
[segcap    154.500 info ]        +0 00000265B0A58D20  rejected: no stencil plane (other)
[segcap    154.500 info ]        +0 00000265B0A5F650  rejected: no stencil plane (R10G10B10A2_UNORM)
[segcap    154.500 info ]        +0 00000265B0A74A40  rejected: no stencil plane (R16G16B16A16_FLOAT)
[segcap    154.500 info ]        +0 000002684EAF8370  rejected: no stencil plane (R16G16B16A16_FLOAT)
[segcap    154.500 info ]        +0 000002684EAF8D00  rejected: no stencil plane (R16G16B16A16_FLOAT)
[segcap    154.500 info ]        +0 000002684EAF9690  rejected: no stencil plane (other)
[segcap    154.500 info ]        +0 000002684EAFA020  rejected: no stencil plane (other)
[segcap    154.500 info ]        +0 000002684EAFA9B0  rejected: no stencil plane (other)
[segcap    154.500 info ]        +0 000002684EB67520  rejected: no stencil plane (R11G11B10_FLOAT)
[segcap    154.500 info ]        +0 000002684ED941B0  rejected: no stencil plane (other)
[segcap    154.500 info ]        +0 000002684EE14EB0  rejected: no stencil plane (other)
[segcap    154.500 info ]        +0 000002684EE161D0  rejected: no stencil plane (other)
[segcap    154.500 info ]        +0 000002684EE174F0  rejected: no stencil plane (R11G11B10_FLOAT)
[segcap    154.500 info ]        +0 000002684EE56480  rejected: no stencil plane (other)
[segcap    154.500 info ]        +0 000002684EE56E10  rejected: MOST-BOUND (10 binds) => scene depth, stencil owned by UE4
[segcap    154.500 info ]        +0 000002684EE58130  rejected: no stencil plane (other)
[segcap    154.500 info ]        +0 000002684EF388F0  rejected: no stencil plane (other)
[segcap    154.500 info ]        +0 000002684EF39280  rejected: no stencil plane (R11G11B10_FLOAT)
[segcap    154.500 info ]        +0 000002684EF3AF30  rejected: no stencil plane (R11G11B10_FLOAT)
[segcap    154.500 info ]        +0 000002684EF3B8C0  rejected: no stencil plane (R16G16B16A16_FLOAT)
[segcap    154.500 info ]        +0 000002684EF3C250  rejected: no stencil plane (R11G11B10_FLOAT)
[segcap    154.500 info ]        +0 000002684EF3CBE0  rejected: no stencil plane (R11G11B10_FLOAT)
[segcap    154.500 info ]        +0 000002684EF3D570  rejected: no stencil plane (R11G11B10_FLOAT)
[segcap    154.500 info ]        +0 000002684EF3DF00  rejected: no stencil plane (R11G11B10_FLOAT)
[segcap    154.500 info ]        +0 000002684EF3E890  rejected: no stencil plane (R11G11B10_FLOAT)
[segcap    154.500 info ]        +0 000002684EF3F220  rejected: no stencil plane (R11G11B10_FLOAT)
[segcap    154.500 info ]        +0 000002684EF3FBB0  rejected: no stencil plane (R11G11B10_FLOAT)
[segcap    154.500 info ]        +0 000002684F23CA90  rejected: no stencil plane (other)
[segcap    154.500 info ]        +0 000002684F510750  rejected: MOST-BOUND (10 binds) => scene depth, stencil owned by UE4
[segcap    154.500 info ]        +0 000002684F58CE90  rejected: no stencil plane (R16G16B16A16_FLOAT)
[segcap    154.500 info ]        +0 000002684F58D820  rejected: no stencil plane (R16G16B16A16_FLOAT)
[segcap    154.500 info ]        +0 000002684F58EB40  rejected: no stencil plane (R16G16B16A16_FLOAT)
[segcap    154.500 info ]        +0 000002684F58F4D0  rejected: no stencil plane (R16G16B16A16_FLOAT)
[segcap    154.500 info ]        +0 000002684F58FE60  rejected: no stencil plane (R16G16B16A16_FLOAT)
[segcap    154.500 info ]        +0 000002684F5907F0  rejected: no stencil plane (R16G16B16A16_FLOAT)
[segcap    154.500 info ]        +0 000002684F5937C0  rejected: no stencil plane (other)
[segcap    154.500 info ]        +0 000002684FD90B80  rejected: no stencil plane (other)
[segcap    154.500 info ]        +0 000002684FD931C0  rejected: no stencil plane (R16G16B16A16_FLOAT)
[segcap    154.500 info ]        +0 00000268501540B0  rejected: no stencil plane (R16G16B16A16_FLOAT)
[segcap    154.500 info ]        +0 0000026850154A40  rejected: no stencil plane (R11G11B10_FLOAT)
[segcap    154.500 info ]        +0 00000268501566F0  rejected: no stencil plane (R16G16B16A16_FLOAT)
[segcap    154.500 info ]        +0 0000026850157080  rejected: no stencil plane (other)
[segcap    154.500 info ]        +0 0000026850157A10  rejected: no stencil plane (R11G11B10_FLOAT)
[segcap    154.500 info ]        +0 00000268501583A0  rejected: no stencil plane (R10G10B10A2_UNORM)
[segcap    154.500 info ]        +0 000002685015A050  rejected: no stencil plane (R11G11B10_FLOAT)
[segcap    154.500 info ]        +0 00000268501D4C20  rejected: no stencil plane (R11G11B10_FLOAT)
[segcap    154.500 info ]        +0 00000268765F5270  rejected: no stencil plane (R10G10B10A2_UNORM)
[segcap    154.500 info ]        +0 000002688B603B50  rejected: no stencil plane (other)
[segcap    154.500 info ]        +0 000002688B6B68A0  rejected: no stencil plane (R11G11B10_FLOAT)
[segcap    154.500 info ]        +0 000002688B6B7230  rejected: no stencil plane (R11G11B10_FLOAT)
[segcap    154.500 info ]        +0 000002688B6B7BC0  rejected: no stencil plane (R11G11B10_FLOAT)
[segcap    154.500 info ]        +0 000002688B6B9870  rejected: no stencil plane (R11G11B10_FLOAT)
[segcap    154.500 info ]        +0 000002688B6BA200  rejected: no stencil plane (other)
[segcap    154.500 info ]        +0 0000026896572F50  rejected: no stencil plane (R16G16B16A16_FLOAT)
[segcap    154.500 info ]        +0 0000026896575C80  rejected: no stencil plane (R16G16B16A16_FLOAT)
[segcap    154.500 info ]   ELECTED 000002684F23F0D0 (score 300)
[segcap    159.500 info ] --- frame 9301: 59 distinct targets observed, 0 descriptor misses ---
[segcap    159.500 info ]     readback submitted=9300 delivered=9299 dropped=0
[segcap    159.500 info ]   DS 000002684F510750 R32G8X24_TYPELESS      2560x1600 samples=1 binds=11 clears=2 depth=yes state=0x40
[segcap    159.500 info ]   DS 000002684F23F0D0 R32G8X24_TYPELESS      2560x1600 samples=1 binds=1 clears=1 depth=yes state=0x10
[segcap    159.500 info ]   DS 000002684EE56E10 R32G8X24_TYPELESS      2560x1600 samples=1 binds=11 clears=2 depth=yes state=0xE0
[segcap    159.500 info ]   election:
[segcap    159.500 info ]      +300 000002684F23F0D0  full-res + stencil; few binds (1) => CustomDepth pass; persistent (9300 frames); INCUMBENT
[segcap    159.500 info ]        +0 00000265AFCD5CD0  rejected: no stencil plane (R10G10B10A2_UNORM)
[segcap    159.500 info ]        +0 00000265AFCD6660  rejected: no stencil plane (R10G10B10A2_UNORM)
[segcap    159.500 info ]        +0 00000265AFCD8310  rejected: no stencil plane (R10G10B10A2_UNORM)
[segcap    159.500 info ]        +0 00000265B0A58D20  rejected: no stencil plane (other)
[segcap    159.500 info ]        +0 00000265B0A5F650  rejected: no stencil plane (R10G10B10A2_UNORM)
[segcap    159.500 info ]        +0 00000265B0A74A40  rejected: no stencil plane (R16G16B16A16_FLOAT)
[segcap    159.500 info ]        +0 000002684EAF8370  rejected: no stencil plane (R16G16B16A16_FLOAT)
[segcap    159.500 info ]        +0 000002684EAF8D00  rejected: no stencil plane (R16G16B16A16_FLOAT)
[segcap    159.500 info ]        +0 000002684EAF9690  rejected: no stencil plane (other)
[segcap    159.500 info ]        +0 000002684EAFA020  rejected: no stencil plane (other)
[segcap    159.500 info ]        +0 000002684EAFA9B0  rejected: no stencil plane (other)
[segcap    159.500 info ]        +0 000002684EB67520  rejected: no stencil plane (R11G11B10_FLOAT)
[segcap    159.500 info ]        +0 000002684ED941B0  rejected: no stencil plane (other)
[segcap    159.500 info ]        +0 000002684EE14EB0  rejected: no stencil plane (other)
[segcap    159.500 info ]        +0 000002684EE161D0  rejected: no stencil plane (other)
[segcap    159.500 info ]        +0 000002684EE174F0  rejected: no stencil plane (R11G11B10_FLOAT)
[segcap    159.500 info ]        +0 000002684EE56480  rejected: no stencil plane (other)
[segcap    159.500 info ]        +0 000002684EE56E10  rejected: MOST-BOUND (11 binds) => scene depth, stencil owned by UE4
[segcap    159.500 info ]        +0 000002684EE58130  rejected: no stencil plane (other)
[segcap    159.500 info ]        +0 000002684EF388F0  rejected: no stencil plane (other)
[segcap    159.500 info ]        +0 000002684EF39280  rejected: no stencil plane (R11G11B10_FLOAT)
[segcap    159.500 info ]        +0 000002684EF3AF30  rejected: no stencil plane (R11G11B10_FLOAT)
[segcap    159.500 info ]        +0 000002684EF3B8C0  rejected: no stencil plane (R16G16B16A16_FLOAT)
[segcap    159.500 info ]        +0 000002684EF3C250  rejected: no stencil plane (R11G11B10_FLOAT)
[segcap    159.500 info ]        +0 000002684EF3CBE0  rejected: no stencil plane (R11G11B10_FLOAT)
[segcap    159.500 info ]        +0 000002684EF3D570  rejected: no stencil plane (R11G11B10_FLOAT)
[segcap    159.500 info ]        +0 000002684EF3DF00  rejected: no stencil plane (R11G11B10_FLOAT)
[segcap    159.500 info ]        +0 000002684EF3E890  rejected: no stencil plane (R11G11B10_FLOAT)
[segcap    159.500 info ]        +0 000002684EF3F220  rejected: no stencil plane (R11G11B10_FLOAT)
[segcap    159.500 info ]        +0 000002684EF3FBB0  rejected: no stencil plane (R11G11B10_FLOAT)
[segcap    159.500 info ]        +0 000002684F23CA90  rejected: no stencil plane (other)
[segcap    159.500 info ]        +0 000002684F510750  rejected: MOST-BOUND (11 binds) => scene depth, stencil owned by UE4
[segcap    159.500 info ]        +0 000002684F58CE90  rejected: no stencil plane (R16G16B16A16_FLOAT)
[segcap    159.500 info ]        +0 000002684F58D820  rejected: no stencil plane (R16G16B16A16_FLOAT)
[segcap    159.500 info ]        +0 000002684F58EB40  rejected: no stencil plane (R16G16B16A16_FLOAT)
[segcap    159.500 info ]        +0 000002684F58F4D0  rejected: no stencil plane (R16G16B16A16_FLOAT)
[segcap    159.500 info ]        +0 000002684F58FE60  rejected: no stencil plane (R16G16B16A16_FLOAT)
[segcap    159.500 info ]        +0 000002684F5907F0  rejected: no stencil plane (R16G16B16A16_FLOAT)
[segcap    159.500 info ]        +0 000002684F5937C0  rejected: no stencil plane (other)
[segcap    159.500 info ]        +0 000002684FD90B80  rejected: no stencil plane (other)
[segcap    159.500 info ]        +0 000002684FD931C0  rejected: no stencil plane (R16G16B16A16_FLOAT)
[segcap    159.500 info ]        +0 00000268501540B0  rejected: no stencil plane (R16G16B16A16_FLOAT)
[segcap    159.500 info ]        +0 0000026850154A40  rejected: no stencil plane (R11G11B10_FLOAT)
[segcap    159.500 info ]        +0 00000268501566F0  rejected: no stencil plane (R16G16B16A16_FLOAT)
[segcap    159.500 info ]        +0 0000026850157080  rejected: no stencil plane (other)
[segcap    159.500 info ]        +0 0000026850157A10  rejected: no stencil plane (R11G11B10_FLOAT)
[segcap    159.500 info ]        +0 00000268501583A0  rejected: no stencil plane (R10G10B10A2_UNORM)
[segcap    159.500 info ]        +0 000002685015A050  rejected: no stencil plane (R11G11B10_FLOAT)
[segcap    159.500 info ]        +0 00000268501D4C20  rejected: no stencil plane (R11G11B10_FLOAT)
[segcap    159.500 info ]        +0 00000268765F5270  rejected: no stencil plane (R10G10B10A2_UNORM)
[segcap    159.500 info ]        +0 000002688B603B50  rejected: no stencil plane (other)
[segcap    159.500 info ]        +0 000002688B6B68A0  rejected: no stencil plane (R11G11B10_FLOAT)
[segcap    159.500 info ]        +0 000002688B6B7230  rejected: no stencil plane (R11G11B10_FLOAT)
[segcap    159.500 info ]        +0 000002688B6B7BC0  rejected: no stencil plane (R11G11B10_FLOAT)
[segcap    159.500 info ]        +0 000002688B6B9870  rejected: no stencil plane (R11G11B10_FLOAT)
[segcap    159.500 info ]        +0 000002688B6BA200  rejected: no stencil plane (other)
[segcap    159.500 info ]        +0 0000026896572F50  rejected: no stencil plane (R16G16B16A16_FLOAT)
[segcap    159.500 info ]        +0 0000026896575C80  rejected: no stencil plane (R16G16B16A16_FLOAT)
[segcap    159.500 info ]   ELECTED 000002684F23F0D0 (score 300)
[segcap    161.328 info ] ue4: 6356 readable regions mapped
[segcap    161.328 info ] ue4: [t+150s] array has 196014 slots; sampled 21780 (every 9)
[segcap    161.328 info ] ue4:   resolved=4427  nullObject=17353  failedValidation=0  nullChunk=0  unreadable=0
[segcap    161.328 info ] ue4:       1169  Function
[segcap    161.328 info ] ue4:        511  Package
[segcap    161.328 info ] ue4:        288  Class
[segcap    161.328 info ] ue4:        285  SoundWave
[segcap    161.328 info ] ue4:        204  SoundNodeWavePlayer
[segcap    161.328 info ] ue4:        201  ScriptStruct
[segcap    161.328 info ] ue4:        120  Enum
[segcap    161.328 info ] ue4:         66  TimelineComponent
[segcap    161.328 info ] ue4:         53  MovieSceneBuiltInEasingFunction
[segcap    161.328 info ] ue4:         46  SceneComponent
[segcap    161.328 info ] ue4:         45  AudioComponent
[segcap    161.328 info ] ue4:         44  Texture2D
[segcap    161.328 info ] ue4:         42  DelegateFunction
[segcap    161.328 info ] ue4:         38  CanvasPanelSlot
[segcap    161.359 info ] customdepth: marked 0 primitives (attempted 267, verified 267, rejected 0)
[segcap    161.359 info ] customdepth: engine setter flipped the bit on 267/267 -- the UFunction calls ARE taking effect
